ticker,company_name,sector_code,sector_name,industry_group_code,industry_group_name,industry_code,industry_name,sub_industry_code,sub_industry_name,cik,date_added,in_spy,etf_sector_check
"BKR","Baker Hughes","10","Energy","1010","Energy","101010","Energy Equipment & Services","10101020","Oil & Gas Equipment & Services","0001701605","2017-07-07","Y","OK"
"HAL","Halliburton","10","Energy","1010","Energy","101010","Energy Equipment & Services","10101020","Oil & Gas Equipment & Services","0000045012","1957-03-04","Y","OK"
"SLB","Schlumberger","10","Energy","1010","Energy","101010","Energy Equipment & Services","10101020","Oil & Gas Equipment & Services","0000087347","1957-03-04","Y","OK"
"CVX","Chevron Corporation","10","Energy","1010","Energy","101020","Oil, Gas & Consumable Fuels","10102010","Integrated Oil & Gas","0000093410","1957-03-04","Y","OK"
"XOM","ExxonMobil","10","Energy","1010","Energy","101020","Oil, Gas & Consumable Fuels","10102010","Integrated Oil & Gas","0002115436","1957-03-04","Y","OK"
"APA","APA Corporation","10","Energy","1010","Energy","101020","Oil, Gas & Consumable Fuels","10102020","Oil & Gas Exploration & Production","0001841666","1997-07-28","Y","OK"
"COP","ConocoPhillips","10","Energy","1010","Energy","101020","Oil, Gas & Consumable Fuels","10102020","Oil & Gas Exploration & Production","0001163165","1957-03-04","Y","OK"
"DVN","Devon Energy","10","Energy","1010","Energy","101020","Oil, Gas & Consumable Fuels","10102020","Oil & Gas Exploration & Production","0001090012","2000-08-30","Y","OK"
"EOG","EOG Resources","10","Energy","1010","Energy","101020","Oil, Gas & Consumable Fuels","10102020","Oil & Gas Exploration & Production","0000821189","2000-11-02","Y","OK"
"EQT","EQT Corporation","10","Energy","1010","Energy","101020","Oil, Gas & Consumable Fuels","10102020","Oil & Gas Exploration & Production","0000033213","2022-10-03","Y","OK"
"EXE","Expand Energy","10","Energy","1010","Energy","101020","Oil, Gas & Consumable Fuels","10102020","Oil & Gas Exploration & Production","0000895126","2025-03-24","Y","OK"
"FANG","Diamondback Energy","10","Energy","1010","Energy","101020","Oil, Gas & Consumable Fuels","10102020","Oil & Gas Exploration & Production","0001539838","2018-12-03","Y","OK"
"OXY","Occidental Petroleum","10","Energy","1010","Energy","101020","Oil, Gas & Consumable Fuels","10102020","Oil & Gas Exploration & Production","0000797468","1957-03-04","Y","OK"
"TPL","Texas Pacific Land Corporation","10","Energy","1010","Energy","101020","Oil, Gas & Consumable Fuels","10102020","Oil & Gas Exploration & Production","0001811074","2024-11-26","Y","OK"
"MPC","Marathon Petroleum","10","Energy","1010","Energy","101020","Oil, Gas & Consumable Fuels","10102030","Oil & Gas Refining & Marketing","0001510295","2011-07-01","Y","OK"
"PSX","Phillips 66","10","Energy","1010","Energy","101020","Oil, Gas & Consumable Fuels","10102030","Oil & Gas Refining & Marketing","0001534701","2012-05-01","Y","OK"
"VLO","Valero Energy","10","Energy","1010","Energy","101020","Oil, Gas & Consumable Fuels","10102030","Oil & Gas Refining & Marketing","0001035002","2002-12-20","Y","OK"
"KMI","Kinder Morgan","10","Energy","1010","Energy","101020","Oil, Gas & Consumable Fuels","10102040","Oil & Gas Storage & Transportation","0001506307","2012-05-25","Y","OK"
"OKE","Oneok","10","Energy","1010","Energy","101020","Oil, Gas & Consumable Fuels","10102040","Oil & Gas Storage & Transportation","0001039684","2010-03-15","Y","OK"
"TRGP","Targa Resources","10","Energy","1010","Energy","101020","Oil, Gas & Consumable Fuels","10102040","Oil & Gas Storage & Transportation","0001389170","2022-10-12","Y","OK"
"WMB","Williams Companies","10","Energy","1010","Energy","101020","Oil, Gas & Consumable Fuels","10102040","Oil & Gas Storage & Transportation","0000107263","1975-03-31","Y","OK"
"DOW","Dow Inc.","15","Materials","1510","Materials","151010","Chemicals","15101010","Commodity Chemicals","0001751788","2019-04-01","Y","OK"
"CF","CF Industries","15","Materials","1510","Materials","151010","Chemicals","15101030","Fertilizers & Agricultural Chemicals","0001324404","2008-08-27","Y","OK"
"CTVA","Corteva","15","Materials","1510","Materials","151010","Chemicals","15101030","Fertilizers & Agricultural Chemicals","0001755672","2019-06-03","Y","OK"
"MOS","Mosaic Company (The)","15","Materials","1510","Materials","151010","Chemicals","15101030","Fertilizers & Agricultural Chemicals","0001285785","2011-09-26","Y","OK"
"APD","Air Products","15","Materials","1510","Materials","151010","Chemicals","15101040","Industrial Gases","0000002969","1985-04-30","Y","OK"
"LIN","Linde plc","15","Materials","1510","Materials","151010","Chemicals","15101040","Industrial Gases","0001707925","1992-07-01","Y","OK"
"ALB","Albemarle Corporation","15","Materials","1510","Materials","151010","Chemicals","15101050","Specialty Chemicals","0000915913","2016-07-01","Y","OK"
"ECL","Ecolab","15","Materials","1510","Materials","151010","Chemicals","15101050","Specialty Chemicals","0000031462","1989-01-31","Y","OK"
"IFF","International Flavors & Fragrances","15","Materials","1510","Materials","151010","Chemicals","15101050","Specialty Chemicals","0000051253","1976-03-31","Y","OK"
"LYB","LyondellBasell","15","Materials","1510","Materials","151010","Chemicals","15101050","Specialty Chemicals","0001489393","2012-09-05","Y","OK"
"PPG","PPG Industries","15","Materials","1510","Materials","151010","Chemicals","15101050","Specialty Chemicals","0000079879","1957-03-04","Y","OK"
"SHW","Sherwin-Williams","15","Materials","1510","Materials","151010","Chemicals","15101050","Specialty Chemicals","0000089800","1964-06-30","Y","OK"
"CRH","CRH plc","15","Materials","1510","Materials","151020","Construction Materials","15102010","Construction Materials","0000849395","2025-12-22","Y","OK"
"MLM","Martin Marietta Materials","15","Materials","1510","Materials","151020","Construction Materials","15102010","Construction Materials","0000916076","2014-07-02","Y","OK"
"VMC","Vulcan Materials Company","15","Materials","1510","Materials","151020","Construction Materials","15102010","Construction Materials","0001396009","1999-06-30","Y","OK"
"BALL","Ball Corporation","15","Materials","1510","Materials","151030","Containers & Packaging","15103010","Metal, Glass & Plastic Containers","0000009389","1984-10-31","Y","OK"
"AMCR","Amcor","15","Materials","1510","Materials","151030","Containers & Packaging","15103020","Paper & Plastic Packaging Products & Materials","0001748790","2019-06-07","Y","OK"
"AVY","Avery Dennison","15","Materials","1510","Materials","151030","Containers & Packaging","15103020","Paper & Plastic Packaging Products & Materials","0000008818","1987-12-31","Y","OK"
"IP","International Paper","15","Materials","1510","Materials","151030","Containers & Packaging","15103020","Paper & Plastic Packaging Products & Materials","0000051434","1957-03-04","Y","OK"
"PKG","Packaging Corporation of America","15","Materials","1510","Materials","151030","Containers & Packaging","15103020","Paper & Plastic Packaging Products & Materials","0000075677","2017-07-26","Y","OK"
"SW","Smurfit Westrock","15","Materials","1510","Materials","151030","Containers & Packaging","15103020","Paper & Plastic Packaging Products & Materials","0002005951","2024-07-08","Y","OK"
"FCX","Freeport-McMoRan","15","Materials","1510","Materials","151040","Metals & Mining","15104025","Copper","0000831259","2011-07-01","Y","OK"
"NEM","Newmont","15","Materials","1510","Materials","151040","Metals & Mining","15104030","Gold","0001164727","1969-06-30","Y","OK"
"NUE","Nucor","15","Materials","1510","Materials","151040","Metals & Mining","15104050","Steel","0000073309","1985-04-30","Y","OK"
"STLD","Steel Dynamics","15","Materials","1510","Materials","151040","Metals & Mining","15104050","Steel","0001022671","2022-12-22","Y","OK"
"AXON","Axon Enterprise","20","Industrials","2010","Capital Goods","201010","Aerospace & Defense","20101010","Aerospace & Defense","0001069183","2023-05-04","Y","OK"
"BA","Boeing","20","Industrials","2010","Capital Goods","201010","Aerospace & Defense","20101010","Aerospace & Defense","0000012927","1957-03-04","Y","OK"
"GD","General Dynamics","20","Industrials","2010","Capital Goods","201010","Aerospace & Defense","20101010","Aerospace & Defense","0000040533","1957-03-04","Y","OK"
"GE","GE Aerospace","20","Industrials","2010","Capital Goods","201010","Aerospace & Defense","20101010","Aerospace & Defense","0000040545","1957-03-04","Y","OK"
"HII","Huntington Ingalls Industries","20","Industrials","2010","Capital Goods","201010","Aerospace & Defense","20101010","Aerospace & Defense","0001501585","2018-01-03","Y","OK"
"HONA","Honeywell Aerospace","20","Industrials","2010","Capital Goods","201010","Aerospace & Defense","20101010","Aerospace & Defense","0002089271","2026-06-29","Y","OK"
"HWM","Howmet Aerospace","20","Industrials","2010","Capital Goods","201010","Aerospace & Defense","20101010","Aerospace & Defense","0000004281","2016-10-21","Y","OK"
"LHX","L3Harris","20","Industrials","2010","Capital Goods","201010","Aerospace & Defense","20101010","Aerospace & Defense","0000202058","2008-09-22","Y","OK"
"LMT","Lockheed Martin","20","Industrials","2010","Capital Goods","201010","Aerospace & Defense","20101010","Aerospace & Defense","0000936468","1957-03-04","Y","OK"
"NOC","Northrop Grumman","20","Industrials","2010","Capital Goods","201010","Aerospace & Defense","20101010","Aerospace & Defense","0001133421","1957-03-04","Y","OK"
"RTX","RTX Corporation","20","Industrials","2010","Capital Goods","201010","Aerospace & Defense","20101010","Aerospace & Defense","0000101829","1957-03-04","Y","OK"
"TDG","TransDigm Group","20","Industrials","2010","Capital Goods","201010","Aerospace & Defense","20101010","Aerospace & Defense","0001260221","2016-06-03","Y","OK"
"TXT","Textron","20","Industrials","2010","Capital Goods","201010","Aerospace & Defense","20101010","Aerospace & Defense","0000217346","1978-12-31","Y","OK"
"ALLE","Allegion","20","Industrials","2010","Capital Goods","201020","Building Products","20102010","Building Products","0001579241","2013-12-02","Y","OK"
"AOS","A. O. Smith","20","Industrials","2010","Capital Goods","201020","Building Products","20102010","Building Products","0000091142","2017-07-26","Y","OK"
"BLDR","Builders FirstSource","20","Industrials","2010","Capital Goods","201020","Building Products","20102010","Building Products","0001316835","2023-12-18","Y","OK"
"CARR","Carrier Global","20","Industrials","2010","Capital Goods","201020","Building Products","20102010","Building Products","0001783180","2020-04-03","Y","OK"
"JCI","Johnson Controls","20","Industrials","2010","Capital Goods","201020","Building Products","20102010","Building Products","0000833444","2010-08-27","Y","OK"
"LII","Lennox International","20","Industrials","2010","Capital Goods","201020","Building Products","20102010","Building Products","0001069202","2024-12-23","Y","OK"
"MAS","Masco","20","Industrials","2010","Capital Goods","201020","Building Products","20102010","Building Products","0000062996","1981-06-30","Y","OK"
"TT","Trane Technologies","20","Industrials","2010","Capital Goods","201020","Building Products","20102010","Building Products","0001466258","2010-11-17","Y","OK"
"EME","Emcor","20","Industrials","2010","Capital Goods","201030","Construction & Engineering","20103010","Construction & Engineering","0000105634","2025-09-22","Y","OK"
"FIX","Comfort Systems USA","20","Industrials","2010","Capital Goods","201030","Construction & Engineering","20103010","Construction & Engineering","0001035983","2025-12-22","Y","OK"
"J","Jacobs Solutions","20","Industrials","2010","Capital Goods","201030","Construction & Engineering","20103010","Construction & Engineering","0000052988","2007-10-26","Y","OK"
"PWR","Quanta Services","20","Industrials","2010","Capital Goods","201030","Construction & Engineering","20103010","Construction & Engineering","0001050915","2009-07-01","Y","OK"
"AME","Ametek","20","Industrials","2010","Capital Goods","201040","Electrical Equipment","20104010","Electrical Components & Equipment","0001037868","2013-09-23","Y","OK"
"EMR","Emerson Electric","20","Industrials","2010","Capital Goods","201040","Electrical Equipment","20104010","Electrical Components & Equipment","0000032604","1965-03-31","Y","OK"
"ETN","Eaton Corporation","20","Industrials","2010","Capital Goods","201040","Electrical Equipment","20104010","Electrical Components & Equipment","0001551182","1957-03-04","Y","OK"
"ROK","Rockwell Automation","20","Industrials","2010","Capital Goods","201040","Electrical Equipment","20104010","Electrical Components & Equipment","0001024478","2000-03-12","Y","OK"
"VRT","Vertiv","20","Industrials","2010","Capital Goods","201040","Electrical Equipment","20104010","Electrical Components & Equipment","0001674101","2026-03-23","Y","OK"
"GEV","GE Vernova","20","Industrials","2010","Capital Goods","201040","Electrical Equipment","20104020","Heavy Electrical Equipment","0001996810","2024-04-02","Y","OK"
"GNRC","Generac","20","Industrials","2010","Capital Goods","201040","Electrical Equipment","20104020","Heavy Electrical Equipment","0001474735","2021-03-22","Y","OK"
"DD","DuPont","20","Industrials","2010","Capital Goods","201050","Industrial Conglomerates","20105010","Industrial Conglomerates","0001666700","2019-06-03","Y","OK"
"HON","Honeywell Technologies","20","Industrials","2010","Capital Goods","201050","Industrial Conglomerates","20105010","Industrial Conglomerates","0000773840","1957-03-04","Y","OK"
"MMM","3M","20","Industrials","2010","Capital Goods","201050","Industrial Conglomerates","20105010","Industrial Conglomerates","0000066740","1957-03-04","Y","OK"
"CAT","Caterpillar Inc.","20","Industrials","2010","Capital Goods","201060","Machinery","20106010","Construction Machinery & Heavy Transportation Equipment","0000018230","1957-03-04","Y","OK"
"CMI","Cummins","20","Industrials","2010","Capital Goods","201060","Machinery","20106010","Construction Machinery & Heavy Transportation Equipment","0000026172","1965-03-31","Y","OK"
"PCAR","Paccar","20","Industrials","2010","Capital Goods","201060","Machinery","20106010","Construction Machinery & Heavy Transportation Equipment","0000075362","1980-12-31","Y","OK"
"WAB","Wabtec","20","Industrials","2010","Capital Goods","201060","Machinery","20106010","Construction Machinery & Heavy Transportation Equipment","0000943452","2019-02-27","Y","OK"
"DE","Deere & Company","20","Industrials","2010","Capital Goods","201060","Machinery","20106015","Agricultural & Farm Machinery","0000315189","1957-03-04","Y","OK"
"DOV","Dover Corporation","20","Industrials","2010","Capital Goods","201060","Machinery","20106020","Industrial Machinery & Supplies & Components","0000029905","1985-10-31","Y","OK"
"FTV","Fortive","20","Industrials","2010","Capital Goods","201060","Machinery","20106020","Industrial Machinery & Supplies & Components","0001659166","2016-07-01","Y","OK"
"GWW","W. W. Grainger","20","Industrials","2010","Capital Goods","201060","Machinery","20106020","Industrial Machinery & Supplies & Components","0000277135","1981-06-30","Y","OK"
"HUBB","Hubbell Incorporated","20","Industrials","2010","Capital Goods","201060","Machinery","20106020","Industrial Machinery & Supplies & Components","0000048898","2023-10-18","Y","OK"
"IEX","IDEX Corporation","20","Industrials","2010","Capital Goods","201060","Machinery","20106020","Industrial Machinery & Supplies & Components","0000832101","2019-08-09","Y","OK"
"IR","Ingersoll Rand","20","Industrials","2010","Capital Goods","201060","Machinery","20106020","Industrial Machinery & Supplies & Components","0001699150","2020-03-03","Y","OK"
"ITW","Illinois Tool Works","20","Industrials","2010","Capital Goods","201060","Machinery","20106020","Industrial Machinery & Supplies & Components","0000049826","1986-02-28","Y","OK"
"NDSN","Nordson Corporation","20","Industrials","2010","Capital Goods","201060","Machinery","20106020","Industrial Machinery & Supplies & Components","0000072331","2022-02-15","Y","OK"
"OTIS","Otis Worldwide","20","Industrials","2010","Capital Goods","201060","Machinery","20106020","Industrial Machinery & Supplies & Components","0001781335","2020-04-03","Y","OK"
"PH","Parker Hannifin","20","Industrials","2010","Capital Goods","201060","Machinery","20106020","Industrial Machinery & Supplies & Components","0000076334","1985-11-30","Y","OK"
"PNR","Pentair","20","Industrials","2010","Capital Goods","201060","Machinery","20106020","Industrial Machinery & Supplies & Components","0000077360","2012-10-01","Y","OK"
"SNA","Snap-on","20","Industrials","2010","Capital Goods","201060","Machinery","20106020","Industrial Machinery & Supplies & Components","0000091440","1982-09-30","Y","OK"
"SWK","Stanley Black & Decker","20","Industrials","2010","Capital Goods","201060","Machinery","20106020","Industrial Machinery & Supplies & Components","0000093556","1982-09-30","Y","OK"
"XYL","Xylem Inc.","20","Industrials","2010","Capital Goods","201060","Machinery","20106020","Industrial Machinery & Supplies & Components","0001524472","2011-11-01","Y","OK"
"FAST","Fastenal","20","Industrials","2010","Capital Goods","201070","Trading Companies & Distributors","20107010","Trading Companies & Distributors","0000815556","2008-09-15","Y","OK"
"FERG","Ferguson Enterprises","20","Industrials","2010","Capital Goods","201070","Trading Companies & Distributors","20107010","Trading Companies & Distributors","0002011641","2026-08-05","Y","OK"
"URI","United Rentals","20","Industrials","2010","Capital Goods","201070","Trading Companies & Distributors","20107010","Trading Companies & Distributors","0001067701","2014-09-20","Y","OK"
"ROL","Rollins, Inc.","20","Industrials","2020","Commercial & Professional Services","202010","Commercial Services & Supplies","20201050","Environmental & Facilities Services","0000084839","2018-10-01","Y","OK"
"RSG","Republic Services","20","Industrials","2020","Commercial & Professional Services","202010","Commercial Services & Supplies","20201050","Environmental & Facilities Services","0001060391","2008-12-05","Y","OK"
"VLTO","Veralto","20","Industrials","2020","Commercial & Professional Services","202010","Commercial Services & Supplies","20201050","Environmental & Facilities Services","0001967680","2023-10-02","Y","OK"
"WM","Waste Management","20","Industrials","2020","Commercial & Professional Services","202010","Commercial Services & Supplies","20201050","Environmental & Facilities Services","0000823768","1998-08-31","Y","OK"
"CPRT","Copart","20","Industrials","2020","Commercial & Professional Services","202010","Commercial Services & Supplies","20201070","Diversified Support Services","0000900075","2018-07-02","Y","OK"
"CTAS","Cintas","20","Industrials","2020","Commercial & Professional Services","202010","Commercial Services & Supplies","20201070","Diversified Support Services","0000723254","2001-03-01","Y","OK"
"LDOS","Leidos","20","Industrials","2020","Commercial & Professional Services","202010","Commercial Services & Supplies","20201070","Diversified Support Services","0001336920","2019-08-09","Y","OK"
"ADP","Automatic Data Processing","20","Industrials","2020","Commercial & Professional Services","202020","Professional Services","20202010","Human Resource & Employment Services","0000008670","1981-03-31","Y","OK"
"PAYX","Paychex","20","Industrials","2020","Commercial & Professional Services","202020","Professional Services","20202010","Human Resource & Employment Services","0000723531","1998-10-01","Y","OK"
"EFX","Equifax","20","Industrials","2020","Commercial & Professional Services","202020","Professional Services","20202020","Research & Consulting Services","0000033185","1997-06-19","Y","OK"
"VRSK","Verisk Analytics","20","Industrials","2020","Commercial & Professional Services","202020","Professional Services","20202020","Research & Consulting Services","0001442145","2015-10-08","Y","OK"
"BR","Broadridge Financial Solutions","20","Industrials","2020","Commercial & Professional Services","202020","Professional Services","20202030","Data Processing & Outsourced Services","0001383312","2018-06-18","Y","OK"
"CHRW","C.H. Robinson","20","Industrials","2030","Transportation","203010","Air Freight & Logistics","20301010","Air Freight & Logistics","0001043277","2007-03-02","Y","OK"
"EXPD","Expeditors International","20","Industrials","2030","Transportation","203010","Air Freight & Logistics","20301010","Air Freight & Logistics","0000746515","2007-10-10","Y","OK"
"FDX","FedEx","20","Industrials","2030","Transportation","203010","Air Freight & Logistics","20301010","Air Freight & Logistics","0001048911","1980-12-31","Y","OK"
"UPS","United Parcel Service","20","Industrials","2030","Transportation","203010","Air Freight & Logistics","20301010","Air Freight & Logistics","0001090727","2002-07-22","Y","OK"
"DAL","Delta Air Lines","20","Industrials","2030","Transportation","203020","Passenger Airlines","20302010","Passenger Airlines","0000027904","2013-09-11","Y","OK"
"LUV","Southwest Airlines","20","Industrials","2030","Transportation","203020","Passenger Airlines","20302010","Passenger Airlines","0000092380","1994-07-01","Y","OK"
"UAL","United Airlines Holdings","20","Industrials","2030","Transportation","203020","Passenger Airlines","20302010","Passenger Airlines","0000100517","2015-09-03","Y","OK"
"CSX","CSX Corporation","20","Industrials","2030","Transportation","203040","Ground Transportation","20304010","Rail Transportation","0000277948","1957-03-04","Y","OK"
"NSC","Norfolk Southern","20","Industrials","2030","Transportation","203040","Ground Transportation","20304010","Rail Transportation","0000702165","1957-03-04","Y","OK"
"UNP","Union Pacific Corporation","20","Industrials","2030","Transportation","203040","Ground Transportation","20304010","Rail Transportation","0000100885","1957-03-04","Y","OK"
"FDXF","FedEx Freight","20","Industrials","2030","Transportation","203040","Ground Transportation","20304030","Cargo Ground Transportation","0002082247","2026-06-01","Y","OK"
"JBHT","J.B. Hunt","20","Industrials","2030","Transportation","203040","Ground Transportation","20304030","Cargo Ground Transportation","0000728535","2015-07-01","Y","OK"
"ODFL","Old Dominion","20","Industrials","2030","Transportation","203040","Ground Transportation","20304030","Cargo Ground Transportation","0000878927","2019-12-09","Y","OK"
"UBER","Uber","20","Industrials","2030","Transportation","203040","Ground Transportation","20304040","Passenger Ground Transportation","0001543151","2023-12-18","Y","OK"
"APTV","Aptiv","25","Consumer Discretionary","2510","Automobiles & Components","251010","Automobile Components","25101010","Automotive Parts & Equipment","0001521332","2012-12-24","Y","OK"
"F","Ford Motor Company","25","Consumer Discretionary","2510","Automobiles & Components","251020","Automobiles","25102010","Automobile Manufacturers","0000037996","1957-03-04","Y","OK"
"GM","General Motors","25","Consumer Discretionary","2510","Automobiles & Components","251020","Automobiles","25102010","Automobile Manufacturers","0001467858","2013-06-06","Y","OK"
"TSLA","Tesla, Inc.","25","Consumer Discretionary","2510","Automobiles & Components","251020","Automobiles","25102010","Automobile Manufacturers","0001318605","2020-12-21","Y","OK"
"GRMN","Garmin","25","Consumer Discretionary","2520","Consumer Durables & Apparel","252010","Household Durables","25201010","Consumer Electronics","0001121788","2012-12-12","Y","OK"
"DHI","D. R. Horton","25","Consumer Discretionary","2520","Consumer Durables & Apparel","252010","Household Durables","25201030","Homebuilding","0000882184","2005-06-22","Y","OK"
"LEN","Lennar","25","Consumer Discretionary","2520","Consumer Durables & Apparel","252010","Household Durables","25201030","Homebuilding","0000920760","2005-10-04","Y","OK"
"NVR","NVR, Inc.","25","Consumer Discretionary","2520","Consumer Durables & Apparel","252010","Household Durables","25201030","Homebuilding","0000906163","2019-09-26","Y","OK"
"PHM","PulteGroup","25","Consumer Discretionary","2520","Consumer Durables & Apparel","252010","Household Durables","25201030","Homebuilding","0000822416","1984-04-30","Y","OK"
"HAS","Hasbro","25","Consumer Discretionary","2520","Consumer Durables & Apparel","252020","Leisure Products","25202010","Leisure Products","0000046080","1984-09-30","Y","OK"
"LULU","Lululemon Athletica","25","Consumer Discretionary","2520","Consumer Durables & Apparel","252030","Textiles, Apparel & Luxury Goods","25203010","Apparel, Accessories & Luxury Goods","0001397187","2023-10-18","Y","OK"
"NKE","Nike, Inc.","25","Consumer Discretionary","2520","Consumer Durables & Apparel","252030","Textiles, Apparel & Luxury Goods","25203010","Apparel, Accessories & Luxury Goods","0000320187","1988-11-30","Y","OK"
"RL","Ralph Lauren Corporation","25","Consumer Discretionary","2520","Consumer Durables & Apparel","252030","Textiles, Apparel & Luxury Goods","25203010","Apparel, Accessories & Luxury Goods","0001037038","2007-02-02","Y","OK"
"TPR","Tapestry, Inc.","25","Consumer Discretionary","2520","Consumer Durables & Apparel","252030","Textiles, Apparel & Luxury Goods","25203010","Apparel, Accessories & Luxury Goods","0001116132","2004-09-01","Y","OK"
"DECK","Deckers Brands","25","Consumer Discretionary","2520","Consumer Durables & Apparel","252030","Textiles, Apparel & Luxury Goods","25203020","Footwear","0000910521","2024-03-18","Y","OK"
"LVS","Las Vegas Sands","25","Consumer Discretionary","2530","Consumer Services","253010","Hotels, Restaurants & Leisure","25301010","Casinos & Gaming","0001300514","2019-10-03","Y","OK"
"MGM","MGM Resorts","25","Consumer Discretionary","2530","Consumer Services","253010","Hotels, Restaurants & Leisure","25301010","Casinos & Gaming","0000789570","2017-07-26","Y","OK"
"WYNN","Wynn Resorts","25","Consumer Discretionary","2530","Consumer Services","253010","Hotels, Restaurants & Leisure","25301010","Casinos & Gaming","0001174922","2008-11-14","Y","OK"
"ABNB","Airbnb","25","Consumer Discretionary","2530","Consumer Services","253010","Hotels, Restaurants & Leisure","25301020","Hotels, Resorts & Cruise Lines","0001559720","2023-09-18","Y","OK"
"BKNG","Booking Holdings","25","Consumer Discretionary","2530","Consumer Services","253010","Hotels, Restaurants & Leisure","25301020","Hotels, Resorts & Cruise Lines","0001075531","2009-11-06","Y","OK"
"CCL","Carnival Corporation","25","Consumer Discretionary","2530","Consumer Services","253010","Hotels, Restaurants & Leisure","25301020","Hotels, Resorts & Cruise Lines","0000815097","1998-12-22","Y","OK"
"EXPE","Expedia Group","25","Consumer Discretionary","2530","Consumer Services","253010","Hotels, Restaurants & Leisure","25301020","Hotels, Resorts & Cruise Lines","0001324424","2007-10-02","Y","OK"
"HLT","Hilton Worldwide","25","Consumer Discretionary","2530","Consumer Services","253010","Hotels, Restaurants & Leisure","25301020","Hotels, Resorts & Cruise Lines","0001585689","2017-06-19","Y","OK"
"MAR","Marriott International","25","Consumer Discretionary","2530","Consumer Services","253010","Hotels, Restaurants & Leisure","25301020","Hotels, Resorts & Cruise Lines","0001048286","1998-05-29","Y","OK"
"NCLH","Norwegian Cruise Line Holdings","25","Consumer Discretionary","2530","Consumer Services","253010","Hotels, Restaurants & Leisure","25301020","Hotels, Resorts & Cruise Lines","0001513761","2017-10-13","Y","OK"
"RCL","Royal Caribbean Group","25","Consumer Discretionary","2530","Consumer Services","253010","Hotels, Restaurants & Leisure","25301020","Hotels, Resorts & Cruise Lines","0000884887","2014-12-05","Y","OK"
"CMG","Chipotle Mexican Grill","25","Consumer Discretionary","2530","Consumer Services","253010","Hotels, Restaurants & Leisure","25301040","Restaurants","0001058090","2011-04-28","Y","OK"
"DPZ","Domino's","25","Consumer Discretionary","2530","Consumer Services","253010","Hotels, Restaurants & Leisure","25301040","Restaurants","0001286681","2020-05-12","Y","OK"
"DRI","Darden Restaurants","25","Consumer Discretionary","2530","Consumer Services","253010","Hotels, Restaurants & Leisure","25301040","Restaurants","0000940944","1995-05-31","Y","OK"
"MCD","McDonald's","25","Consumer Discretionary","2530","Consumer Services","253010","Hotels, Restaurants & Leisure","25301040","Restaurants","0000063908","1970-06-30","Y","OK"
"SBUX","Starbucks","25","Consumer Discretionary","2530","Consumer Services","253010","Hotels, Restaurants & Leisure","25301040","Restaurants","0000829224","2000-06-07","Y","OK"
"YUM","Yum! Brands","25","Consumer Discretionary","2530","Consumer Services","253010","Hotels, Restaurants & Leisure","25301040","Restaurants","0001041061","1997-10-06","Y","OK"
"DASH","DoorDash","25","Consumer Discretionary","2530","Consumer Services","253020","Diversified Consumer Services","25302020","Specialized Consumer Services","0001792789","2025-03-24","Y","OK"
"GPC","Genuine Parts Company","25","Consumer Discretionary","2550","Consumer Discretionary Distribution & Retail","255010","Distributors","25501010","Distributors","0000040987","1973-12-31","Y","OK"
"AMZN","Amazon","25","Consumer Discretionary","2550","Consumer Discretionary Distribution & Retail","255030","Broadline Retail","25503030","Broadline Retail","0001018724","2005-11-18","Y","OK"
"EBAY","eBay Inc.","25","Consumer Discretionary","2550","Consumer Discretionary Distribution & Retail","255030","Broadline Retail","25503030","Broadline Retail","0001065088","2002-07-22","Y","OK"
"ROST","Ross Stores","25","Consumer Discretionary","2550","Consumer Discretionary Distribution & Retail","255040","Specialty Retail","25504010","Apparel Retail","0000745732","2009-12-21","Y","OK"
"TJX","TJX Companies","25","Consumer Discretionary","2550","Consumer Discretionary Distribution & Retail","255040","Specialty Retail","25504010","Apparel Retail","0000109198","1985-09-30","Y","OK"
"BBY","Best Buy","25","Consumer Discretionary","2550","Consumer Discretionary Distribution & Retail","255040","Specialty Retail","25504020","Computer & Electronics Retail","0000764478","1999-06-29","Y","OK"
"HD","Home Depot (The)","25","Consumer Discretionary","2550","Consumer Discretionary Distribution & Retail","255040","Specialty Retail","25504030","Home Improvement Retail","0000354950","1988-03-31","Y","OK"
"LOW","Lowe's","25","Consumer Discretionary","2550","Consumer Discretionary Distribution & Retail","255040","Specialty Retail","25504030","Home Improvement Retail","0000060667","1984-02-29","Y","OK"
"TSCO","Tractor Supply","25","Consumer Discretionary","2550","Consumer Discretionary Distribution & Retail","255040","Specialty Retail","25504040","Other Specialty Retail","0000916365","2014-01-24","Y","OK"
"ULTA","Ulta Beauty","25","Consumer Discretionary","2550","Consumer Discretionary Distribution & Retail","255040","Specialty Retail","25504040","Other Specialty Retail","0001403568","2016-04-18","Y","OK"
"AZO","AutoZone","25","Consumer Discretionary","2550","Consumer Discretionary Distribution & Retail","255040","Specialty Retail","25504050","Automotive Retail","0000866787","1997-01-02","Y","OK"
"CVNA","Carvana","25","Consumer Discretionary","2550","Consumer Discretionary Distribution & Retail","255040","Specialty Retail","25504050","Automotive Retail","0001690820","2025-12-22","Y","OK"
"ORLY","O'Reilly Automotive","25","Consumer Discretionary","2550","Consumer Discretionary Distribution & Retail","255040","Specialty Retail","25504050","Automotive Retail","0000898173","2009-03-27","Y","OK"
"WSM","Williams-Sonoma, Inc.","25","Consumer Discretionary","2550","Consumer Discretionary Distribution & Retail","255040","Specialty Retail","25504060","Homefurnishing Retail","0000719955","2025-03-24","Y","OK"
"SYY","Sysco","30","Consumer Staples","3010","Consumer Staples Distribution & Retail","301010","Consumer Staples Distribution & Retail","30101020","Food Distributors","0000096021","1986-12-31","Y","OK"
"CASY","Casey's","30","Consumer Staples","3010","Consumer Staples Distribution & Retail","301010","Consumer Staples Distribution & Retail","30101030","Food Retail","0000726958","2026-04-09","Y","OK"
"KR","Kroger","30","Consumer Staples","3010","Consumer Staples Distribution & Retail","301010","Consumer Staples Distribution & Retail","30101030","Food Retail","0000056873","1957-03-04","Y","OK"
"COST","Costco","30","Consumer Staples","3010","Consumer Staples Distribution & Retail","301010","Consumer Staples Distribution & Retail","30101040","Consumer Staples Merchandise Retail","0000909832","1993-10-01","Y","OK"
"DG","Dollar General","30","Consumer Staples","3010","Consumer Staples Distribution & Retail","301010","Consumer Staples Distribution & Retail","30101040","Consumer Staples Merchandise Retail","0000029534","2012-12-03","Y","OK"
"DLTR","Dollar Tree","30","Consumer Staples","3010","Consumer Staples Distribution & Retail","301010","Consumer Staples Distribution & Retail","30101040","Consumer Staples Merchandise Retail","0000935703","2011-12-19","Y","OK"
"TGT","Target Corporation","30","Consumer Staples","3010","Consumer Staples Distribution & Retail","301010","Consumer Staples Distribution & Retail","30101040","Consumer Staples Merchandise Retail","0000027419","1976-12-31","Y","OK"
"WMT","Walmart","30","Consumer Staples","3010","Consumer Staples Distribution & Retail","301010","Consumer Staples Distribution & Retail","30101040","Consumer Staples Merchandise Retail","0000104169","1982-08-31","Y","OK"
"TAP","Molson Coors Beverage Company","30","Consumer Staples","3020","Food, Beverage & Tobacco","302010","Beverages","30201010","Brewers","0000024545","1976-06-30","Y","OK"
"BF.B","Brown–Forman","30","Consumer Staples","3020","Food, Beverage & Tobacco","302010","Beverages","30201020","Distillers & Vintners","0000014693","1982-10-31","Y","OK"
"STZ","Constellation Brands","30","Consumer Staples","3020","Food, Beverage & Tobacco","302010","Beverages","30201020","Distillers & Vintners","0000016918","2005-07-01","Y","OK"
"KDP","Keurig Dr Pepper","30","Consumer Staples","3020","Food, Beverage & Tobacco","302010","Beverages","30201030","Soft Drinks & Non-alcoholic Beverages","0001418135","2022-06-21","Y","OK"
"KO","Coca-Cola Company (The)","30","Consumer Staples","3020","Food, Beverage & Tobacco","302010","Beverages","30201030","Soft Drinks & Non-alcoholic Beverages","0000021344","1957-03-04","Y","OK"
"MNST","Monster Beverage","30","Consumer Staples","3020","Food, Beverage & Tobacco","302010","Beverages","30201030","Soft Drinks & Non-alcoholic Beverages","0000865752","2012-06-28","Y","OK"
"PEP","PepsiCo","30","Consumer Staples","3020","Food, Beverage & Tobacco","302010","Beverages","30201030","Soft Drinks & Non-alcoholic Beverages","0000077476","1957-03-04","Y","OK"
"ADM","Archer Daniels Midland","30","Consumer Staples","3020","Food, Beverage & Tobacco","302020","Food Products","30202010","Agricultural Products & Services","0000007084","1957-03-04","Y","OK"
"BG","Bunge Global","30","Consumer Staples","3020","Food, Beverage & Tobacco","302020","Food Products","30202010","Agricultural Products & Services","0001996862","2023-03-15","Y","OK"
"GIS","General Mills","30","Consumer Staples","3020","Food, Beverage & Tobacco","302020","Food Products","30202030","Packaged Foods & Meats","0000040704","1957-03-04","Y","OK"
"HRL","Hormel Foods","30","Consumer Staples","3020","Food, Beverage & Tobacco","302020","Food Products","30202030","Packaged Foods & Meats","0000048465","2009-03-04","Y","OK"
"HSY","Hershey Company (The)","30","Consumer Staples","3020","Food, Beverage & Tobacco","302020","Food Products","30202030","Packaged Foods & Meats","0000047111","1957-03-04","Y","OK"
"KHC","Kraft Heinz","30","Consumer Staples","3020","Food, Beverage & Tobacco","302020","Food Products","30202030","Packaged Foods & Meats","0001637459","2015-07-06","Y","OK"
"MDLZ","Mondelez International","30","Consumer Staples","3020","Food, Beverage & Tobacco","302020","Food Products","30202030","Packaged Foods & Meats","0001103982","2012-10-02","Y","OK"
"MKC","McCormick & Company","30","Consumer Staples","3020","Food, Beverage & Tobacco","302020","Food Products","30202030","Packaged Foods & Meats","0000063754","2003-03-20","Y","OK"
"SJM","J.M. Smucker Company (The)","30","Consumer Staples","3020","Food, Beverage & Tobacco","302020","Food Products","30202030","Packaged Foods & Meats","0000091419","2008-11-06","Y","OK"
"TSN","Tyson Foods","30","Consumer Staples","3020","Food, Beverage & Tobacco","302020","Food Products","30202030","Packaged Foods & Meats","0000100493","2005-08-10","Y","OK"
"MO","Altria","30","Consumer Staples","3020","Food, Beverage & Tobacco","302030","Tobacco","30203010","Tobacco","0000764180","1957-03-04","Y","OK"
"PM","Philip Morris International","30","Consumer Staples","3020","Food, Beverage & Tobacco","302030","Tobacco","30203010","Tobacco","0001413329","2008-03-31","Y","OK"
"CHD","Church & Dwight","30","Consumer Staples","3030","Household & Personal Products","303010","Household Products","30301010","Household Products","0000313927","2015-12-29","Y","OK"
"CL","Colgate-Palmolive","30","Consumer Staples","3030","Household & Personal Products","303010","Household Products","30301010","Household Products","0000021665","1957-03-04","Y","OK"
"CLX","Clorox","30","Consumer Staples","3030","Household & Personal Products","303010","Household Products","30301010","Household Products","0000021076","1969-03-31","Y","OK"
"KMB","Kimberly-Clark","30","Consumer Staples","3030","Household & Personal Products","303010","Household Products","30301010","Household Products","0000055785","1957-03-04","Y","OK"
"EL","Estée Lauder Companies (The)","30","Consumer Staples","3030","Household & Personal Products","303020","Personal Care Products","30302010","Personal Care Products","0001001250","2006-01-05","Y","OK"
"KVUE","Kenvue","30","Consumer Staples","3030","Household & Personal Products","303020","Personal Care Products","30302010","Personal Care Products","0001944048","2023-08-25","Y","OK"
"PG","Procter & Gamble","30","Consumer Staples","3030","Household & Personal Products","303020","Personal Care Products","30302010","Personal Care Products","0000080424","1957-03-04","Y","OK"
"ABT","Abbott Laboratories","35","Health Care","3510","Health Care Equipment & Services","351010","Health Care Equipment & Supplies","35101010","Health Care Equipment","0000001800","1957-03-04","Y","OK"
"BAX","Baxter International","35","Health Care","3510","Health Care Equipment & Services","351010","Health Care Equipment & Supplies","35101010","Health Care Equipment","0000010456","1972-09-30","Y","OK"
"BDX","Becton Dickinson","35","Health Care","3510","Health Care Equipment & Services","351010","Health Care Equipment & Supplies","35101010","Health Care Equipment","0000010795","1972-09-30","Y","OK"
"BSX","Boston Scientific","35","Health Care","3510","Health Care Equipment & Services","351010","Health Care Equipment & Supplies","35101010","Health Care Equipment","0000885725","1995-02-24","Y","OK"
"DXCM","Dexcom","35","Health Care","3510","Health Care Equipment & Services","351010","Health Care Equipment & Supplies","35101010","Health Care Equipment","0001093557","2020-05-12","Y","OK"
"EW","Edwards Lifesciences","35","Health Care","3510","Health Care Equipment & Services","351010","Health Care Equipment & Supplies","35101010","Health Care Equipment","0001099800","2011-04-01","Y","OK"
"GEHC","GE HealthCare","35","Health Care","3510","Health Care Equipment & Services","351010","Health Care Equipment & Supplies","35101010","Health Care Equipment","0001932393","2023-01-04","Y","OK"
"IDXX","Idexx Laboratories","35","Health Care","3510","Health Care Equipment & Services","351010","Health Care Equipment & Supplies","35101010","Health Care Equipment","0000874716","2017-01-05","Y","OK"
"ISRG","Intuitive Surgical","35","Health Care","3510","Health Care Equipment & Services","351010","Health Care Equipment & Supplies","35101010","Health Care Equipment","0001035267","2008-06-02","Y","OK"
"MDT","Medtronic","35","Health Care","3510","Health Care Equipment & Services","351010","Health Care Equipment & Supplies","35101010","Health Care Equipment","0001613103","1986-10-31","Y","OK"
"PODD","Insulet Corporation","35","Health Care","3510","Health Care Equipment & Services","351010","Health Care Equipment & Supplies","35101010","Health Care Equipment","0001145197","2023-03-15","Y","OK"
"RMD","ResMed|","35","Health Care","3510","Health Care Equipment & Services","351010","Health Care Equipment & Supplies","35101010","Health Care Equipment","0000943819","2017-07-26","Y","OK"
"RVTY","Revvity","35","Health Care","3510","Health Care Equipment & Services","351010","Health Care Equipment & Supplies","35101010","Health Care Equipment","0000031791","1985-05-31","Y","OK"
"STE","Steris","35","Health Care","3510","Health Care Equipment & Services","351010","Health Care Equipment & Supplies","35101010","Health Care Equipment","0001757898","2019-12-23","Y","OK"
"SYK","Stryker Corporation","35","Health Care","3510","Health Care Equipment & Services","351010","Health Care Equipment & Supplies","35101010","Health Care Equipment","0000310764","2000-12-12","Y","OK"
"ZBH","Zimmer Biomet","35","Health Care","3510","Health Care Equipment & Services","351010","Health Care Equipment & Supplies","35101010","Health Care Equipment","0001136869","2001-08-07","Y","OK"
"ALGN","Align Technology","35","Health Care","3510","Health Care Equipment & Services","351010","Health Care Equipment & Supplies","35101020","Health Care Supplies","0001097149","2017-06-19","Y","OK"
"COO","Cooper Companies (The)","35","Health Care","3510","Health Care Equipment & Services","351010","Health Care Equipment & Supplies","35101020","Health Care Supplies","0000711404","2016-09-23","Y","OK"
"WST","West Pharmaceutical Services","35","Health Care","3510","Health Care Equipment & Services","351010","Health Care Equipment & Supplies","35101020","Health Care Supplies","0000105770","2020-05-22","Y","OK"
"CAH","Cardinal Health","35","Health Care","3510","Health Care Equipment & Services","351020","Health Care Providers & Services","35102010","Health Care Distributors","0000721371","1997-05-27","Y","OK"
"COR","Cencora","35","Health Care","3510","Health Care Equipment & Services","351020","Health Care Providers & Services","35102010","Health Care Distributors","0001140859","2001-08-30","Y","OK"
"HSIC","Henry Schein","35","Health Care","3510","Health Care Equipment & Services","351020","Health Care Providers & Services","35102010","Health Care Distributors","0001000228","2015-03-17","Y","OK"
"MCK","McKesson Corporation","35","Health Care","3510","Health Care Equipment & Services","351020","Health Care Providers & Services","35102010","Health Care Distributors","0000927653","1999-01-13","Y","OK"
"CI","Cigna","35","Health Care","3510","Health Care Equipment & Services","351020","Health Care Providers & Services","35102015","Health Care Services","0001739940","1976-06-30","Y","OK"
"CVS","CVS Health","35","Health Care","3510","Health Care Equipment & Services","351020","Health Care Providers & Services","35102015","Health Care Services","0000064803","1957-03-04","Y","OK"
"DGX","Quest Diagnostics","35","Health Care","3510","Health Care Equipment & Services","351020","Health Care Providers & Services","35102015","Health Care Services","0001022079","2002-12-12","Y","OK"
"DVA","DaVita","35","Health Care","3510","Health Care Equipment & Services","351020","Health Care Providers & Services","35102015","Health Care Services","0000927066","2008-07-31","Y","OK"
"LH","Labcorp","35","Health Care","3510","Health Care Equipment & Services","351020","Health Care Providers & Services","35102015","Health Care Services","0000920148","2004-11-01","Y","OK"
"HCA","HCA Healthcare","35","Health Care","3510","Health Care Equipment & Services","351020","Health Care Providers & Services","35102020","Health Care Facilities","0000860730","2015-01-27","Y","OK"
"UHS","Universal Health Services","35","Health Care","3510","Health Care Equipment & Services","351020","Health Care Providers & Services","35102020","Health Care Facilities","0000352915","2014-09-20","Y","OK"
"CNC","Centene Corporation","35","Health Care","3510","Health Care Equipment & Services","351020","Health Care Providers & Services","35102030","Managed Health Care","0001071739","2016-03-30","Y","OK"
"ELV","Elevance Health","35","Health Care","3510","Health Care Equipment & Services","351020","Health Care Providers & Services","35102030","Managed Health Care","0001156039","2002-07-25","Y","OK"
"HUM","Humana","35","Health Care","3510","Health Care Equipment & Services","351020","Health Care Providers & Services","35102030","Managed Health Care","0000049071","2012-12-10","Y","OK"
"UNH","UnitedHealth Group","35","Health Care","3510","Health Care Equipment & Services","351020","Health Care Providers & Services","35102030","Managed Health Care","0000731766","1994-07-01","Y","OK"
"SOLV","Solventum","35","Health Care","3510","Health Care Equipment & Services","351030","Health Care Technology","35103010","Health Care Technology","0001964738","2024-04-01","Y","OK"
"VEEV","Veeva Systems","35","Health Care","3510","Health Care Equipment & Services","351030","Health Care Technology","35103010","Health Care Technology","0001393052","2026-05-07","Y","OK"
"ABBV","AbbVie","35","Health Care","3520","Pharmaceuticals, Biotechnology & Life Sciences","352010","Biotechnology","35201010","Biotechnology","0001551152","2012-12-31","Y","OK"
"AMGN","Amgen","35","Health Care","3520","Pharmaceuticals, Biotechnology & Life Sciences","352010","Biotechnology","35201010","Biotechnology","0000318154","1992-01-02","Y","OK"
"BIIB","Biogen","35","Health Care","3520","Pharmaceuticals, Biotechnology & Life Sciences","352010","Biotechnology","35201010","Biotechnology","0000875045","2003-11-13","Y","OK"
"GILD","Gilead Sciences","35","Health Care","3520","Pharmaceuticals, Biotechnology & Life Sciences","352010","Biotechnology","35201010","Biotechnology","0000882095","2004-07-01","Y","OK"
"INCY","Incyte","35","Health Care","3520","Pharmaceuticals, Biotechnology & Life Sciences","352010","Biotechnology","35201010","Biotechnology","0000879169","2017-02-28","Y","OK"
"MRNA","Moderna","35","Health Care","3520","Pharmaceuticals, Biotechnology & Life Sciences","352010","Biotechnology","35201010","Biotechnology","0001682852","2021-07-21","Y","OK"
"REGN","Regeneron Pharmaceuticals","35","Health Care","3520","Pharmaceuticals, Biotechnology & Life Sciences","352010","Biotechnology","35201010","Biotechnology","0000872589","2013-05-01","Y","OK"
"VRTX","Vertex Pharmaceuticals","35","Health Care","3520","Pharmaceuticals, Biotechnology & Life Sciences","352010","Biotechnology","35201010","Biotechnology","0000875320","2013-09-23","Y","OK"
"BMY","Bristol Myers Squibb","35","Health Care","3520","Pharmaceuticals, Biotechnology & Life Sciences","352020","Pharmaceuticals","35202010","Pharmaceuticals","0000014272","1957-03-04","Y","OK"
"JNJ","Johnson & Johnson","35","Health Care","3520","Pharmaceuticals, Biotechnology & Life Sciences","352020","Pharmaceuticals","35202010","Pharmaceuticals","0000200406","1973-06-30","Y","OK"
"LLY","Lilly (Eli)","35","Health Care","3520","Pharmaceuticals, Biotechnology & Life Sciences","352020","Pharmaceuticals","35202010","Pharmaceuticals","0000059478","1970-12-31","Y","OK"
"MRK","Merck & Co.","35","Health Care","3520","Pharmaceuticals, Biotechnology & Life Sciences","352020","Pharmaceuticals","35202010","Pharmaceuticals","0000310158","1957-03-04","Y","OK"
"PFE","Pfizer","35","Health Care","3520","Pharmaceuticals, Biotechnology & Life Sciences","352020","Pharmaceuticals","35202010","Pharmaceuticals","0000078003","1957-03-04","Y","OK"
"VTRS","Viatris","35","Health Care","3520","Pharmaceuticals, Biotechnology & Life Sciences","352020","Pharmaceuticals","35202010","Pharmaceuticals","0001792044","2004-04-23","Y","OK"
"ZTS","Zoetis","35","Health Care","3520","Pharmaceuticals, Biotechnology & Life Sciences","352020","Pharmaceuticals","35202010","Pharmaceuticals","0001555280","2013-06-21","Y","OK"
"A","Agilent Technologies","35","Health Care","3520","Pharmaceuticals, Biotechnology & Life Sciences","352030","Life Sciences Tools & Services","35203010","Life Sciences Tools & Services","0001090872","2000-06-05","Y","OK"
"CRL","Charles River Laboratories","35","Health Care","3520","Pharmaceuticals, Biotechnology & Life Sciences","352030","Life Sciences Tools & Services","35203010","Life Sciences Tools & Services","0001100682","2021-05-14","Y","OK"
"DHR","Danaher Corporation","35","Health Care","3520","Pharmaceuticals, Biotechnology & Life Sciences","352030","Life Sciences Tools & Services","35203010","Life Sciences Tools & Services","0000313616","1998-11-18","Y","OK"
"IQV","IQVIA","35","Health Care","3520","Pharmaceuticals, Biotechnology & Life Sciences","352030","Life Sciences Tools & Services","35203010","Life Sciences Tools & Services","0001478242","2017-08-29","Y","OK"
"MTD","Mettler Toledo","35","Health Care","3520","Pharmaceuticals, Biotechnology & Life Sciences","352030","Life Sciences Tools & Services","35203010","Life Sciences Tools & Services","0001037646","2016-09-06","Y","OK"
"TECH","Bio-Techne","35","Health Care","3520","Pharmaceuticals, Biotechnology & Life Sciences","352030","Life Sciences Tools & Services","35203010","Life Sciences Tools & Services","0000842023","2021-08-30","Y","OK"
"TMO","Thermo Fisher Scientific","35","Health Care","3520","Pharmaceuticals, Biotechnology & Life Sciences","352030","Life Sciences Tools & Services","35203010","Life Sciences Tools & Services","0000097745","2004-08-03","Y","OK"
"WAT","Waters Corporation","35","Health Care","3520","Pharmaceuticals, Biotechnology & Life Sciences","352030","Life Sciences Tools & Services","35203010","Life Sciences Tools & Services","0001000697","2002-01-02","Y","OK"
"BAC","Bank of America","40","Financials","4010","Banks","401010","Banks","40101010","Diversified Banks","0000070858","1976-06-30","Y","OK"
"C","Citigroup","40","Financials","4010","Banks","401010","Banks","40101010","Diversified Banks","0000831001","1988-05-31","Y","OK"
"JPM","JPMorgan Chase","40","Financials","4010","Banks","401010","Banks","40101010","Diversified Banks","0000019617","1975-06-30","Y","OK"
"PNC","PNC Financial Services","40","Financials","4010","Banks","401010","Banks","40101010","Diversified Banks","0000713676","1988-04-30","Y","OK"
"TFC","Truist Financial","40","Financials","4010","Banks","401010","Banks","40101010","Diversified Banks","0000092230","1997-12-04","Y","OK"
"USB","U.S. Bancorp","40","Financials","4010","Banks","401010","Banks","40101010","Diversified Banks","0000036104","1999-11-01","Y","OK"
"WFC","Wells Fargo","40","Financials","4010","Banks","401010","Banks","40101010","Diversified Banks","0000072971","1976-06-30","Y","OK"
"CFG","Citizens Financial Group","40","Financials","4010","Banks","401010","Banks","40101015","Regional Banks","0000759944","2016-01-29","Y","OK"
"FITB","Fifth Third Bancorp","40","Financials","4010","Banks","401010","Banks","40101015","Regional Banks","0000035527","1996-03-29","Y","OK"
"HBAN","Huntington Bancshares","40","Financials","4010","Banks","401010","Banks","40101015","Regional Banks","0000049196","1997-08-28","Y","OK"
"KEY","KeyCorp","40","Financials","4010","Banks","401010","Banks","40101015","Regional Banks","0000091576","1994-03-01","Y","OK"
"MTB","M&T Bank","40","Financials","4010","Banks","401010","Banks","40101015","Regional Banks","0000036270","2004-02-23","Y","OK"
"RF","Regions Financial Corporation","40","Financials","4010","Banks","401010","Banks","40101015","Regional Banks","0001281761","1998-08-28","Y","OK"
"BRK.B","Berkshire Hathaway","40","Financials","4020","Financial Services","402010","Financial Services","40201030","Multi-Sector Holdings","0001067983","2010-02-16","Y","OK"
"CPAY","Corpay","40","Financials","4020","Financial Services","402010","Financial Services","40201060","Transaction & Payment Processing Services","0001175454","2018-06-20","Y","OK"
"FIS","Fidelity National Information Services","40","Financials","4020","Financial Services","402010","Financial Services","40201060","Transaction & Payment Processing Services","0001136893","2006-11-10","Y","OK"
"FISV","Fiserv","40","Financials","4020","Financial Services","402010","Financial Services","40201060","Transaction & Payment Processing Services","0000798354","2001-04-02","Y","OK"
"GPN","Global Payments","40","Financials","4020","Financial Services","402010","Financial Services","40201060","Transaction & Payment Processing Services","0001123360","2016-04-25","Y","OK"
"JKHY","Jack Henry & Associates","40","Financials","4020","Financial Services","402010","Financial Services","40201060","Transaction & Payment Processing Services","0000779152","2018-11-13","Y","OK"
"MA","Mastercard","40","Financials","4020","Financial Services","402010","Financial Services","40201060","Transaction & Payment Processing Services","0001141391","2008-07-18","Y","OK"
"PYPL","PayPal","40","Financials","4020","Financial Services","402010","Financial Services","40201060","Transaction & Payment Processing Services","0001633917","2015-07-20","Y","OK"
"V","Visa Inc.","40","Financials","4020","Financial Services","402010","Financial Services","40201060","Transaction & Payment Processing Services","0001403161","2009-12-21","Y","OK"
"XYZ","Block, Inc.","40","Financials","4020","Financial Services","402010","Financial Services","40201060","Transaction & Payment Processing Services","0001512673","2025-07-23","Y","OK"
"AXP","American Express","40","Financials","4020","Financial Services","402020","Consumer Finance","40202010","Consumer Finance","0000004962","1976-06-30","Y","OK"
"COF","Capital One","40","Financials","4020","Financial Services","402020","Consumer Finance","40202010","Consumer Finance","0000927628","1998-07-01","Y","OK"
"SYF","Synchrony Financial","40","Financials","4020","Financial Services","402020","Consumer Finance","40202010","Consumer Finance","0001601712","2015-11-18","Y","OK"
"AMP","Ameriprise Financial","40","Financials","4020","Financial Services","402030","Capital Markets","40203010","Asset Management & Custody Banks","0000820027","2005-10-03","Y","OK"
"APO","Apollo Global Management","40","Financials","4020","Financial Services","402030","Capital Markets","40203010","Asset Management & Custody Banks","0001858681","2024-12-23","Y","OK"
"ARES","Ares Management","40","Financials","4020","Financial Services","402030","Capital Markets","40203010","Asset Management & Custody Banks","0001176948","2025-12-11","Y","OK"
"BEN","Franklin Resources","40","Financials","4020","Financial Services","402030","Capital Markets","40203010","Asset Management & Custody Banks","0000038777","1998-04-30","Y","OK"
"BLK","BlackRock","40","Financials","4020","Financial Services","402030","Capital Markets","40203010","Asset Management & Custody Banks","0002012383","2011-04-04","Y","OK"
"BNY","BNY Mellon","40","Financials","4020","Financial Services","402030","Capital Markets","40203010","Asset Management & Custody Banks","0001390777","1995-03-31","Y","OK"
"BX","Blackstone Inc.","40","Financials","4020","Financial Services","402030","Capital Markets","40203010","Asset Management & Custody Banks","0001393818","2023-09-18","Y","OK"
"IVZ","Invesco","40","Financials","4020","Financial Services","402030","Capital Markets","40203010","Asset Management & Custody Banks","0000914208","2008-08-21","Y","OK"
"KKR","KKR & Co.","40","Financials","4020","Financial Services","402030","Capital Markets","40203010","Asset Management & Custody Banks","0001404912","2024-06-24","Y","OK"
"NTRS","Northern Trust","40","Financials","4020","Financial Services","402030","Capital Markets","40203010","Asset Management & Custody Banks","0000073124","1998-01-30","Y","OK"
"STT","State Street Corporation","40","Financials","4020","Financial Services","402030","Capital Markets","40203010","Asset Management & Custody Banks","0000093751","2003-03-14","Y","OK"
"TROW","T. Rowe Price","40","Financials","4020","Financial Services","402030","Capital Markets","40203010","Asset Management & Custody Banks","0001113169","2019-07-29","Y","OK"
"GS","Goldman Sachs","40","Financials","4020","Financial Services","402030","Capital Markets","40203020","Investment Banking & Brokerage","0000886982","2002-07-22","Y","OK"
"HOOD","Robinhood Markets","40","Financials","4020","Financial Services","402030","Capital Markets","40203020","Investment Banking & Brokerage","0001783879","2025-09-22","Y","OK"
"IBKR","Interactive Brokers","40","Financials","4020","Financial Services","402030","Capital Markets","40203020","Investment Banking & Brokerage","0001381197","2025-08-28","Y","OK"
"MS","Morgan Stanley","40","Financials","4020","Financial Services","402030","Capital Markets","40203020","Investment Banking & Brokerage","0000895421","1993-07-29","Y","OK"
"RJF","Raymond James Financial","40","Financials","4020","Financial Services","402030","Capital Markets","40203020","Investment Banking & Brokerage","0000720005","2017-03-20","Y","OK"
"SCHW","Charles Schwab Corporation","40","Financials","4020","Financial Services","402030","Capital Markets","40203020","Investment Banking & Brokerage","0000316709","1997-06-02","Y","OK"
"CBOE","Cboe Global Markets","40","Financials","4020","Financial Services","402030","Capital Markets","40203040","Financial Exchanges & Data","0001374310","2017-03-01","Y","OK"
"CME","CME Group","40","Financials","4020","Financial Services","402030","Capital Markets","40203040","Financial Exchanges & Data","0001156375","2006-08-11","Y","OK"
"COIN","Coinbase","40","Financials","4020","Financial Services","402030","Capital Markets","40203040","Financial Exchanges & Data","0001679788","2025-05-19","Y","OK"
"FDS","FactSet","40","Financials","4020","Financial Services","402030","Capital Markets","40203040","Financial Exchanges & Data","0001013237","2021-12-20","Y","OK"
"ICE","Intercontinental Exchange","40","Financials","4020","Financial Services","402030","Capital Markets","40203040","Financial Exchanges & Data","0001571949","2007-09-26","Y","OK"
"MCO","Moody's Corporation","40","Financials","4020","Financial Services","402030","Capital Markets","40203040","Financial Exchanges & Data","0001059556","1998-07-01","Y","OK"
"MSCI","MSCI","40","Financials","4020","Financial Services","402030","Capital Markets","40203040","Financial Exchanges & Data","0001408198","2018-04-04","Y","OK"
"NDAQ","Nasdaq, Inc.","40","Financials","4020","Financial Services","402030","Capital Markets","40203040","Financial Exchanges & Data","0001120193","2008-10-22","Y","OK"
"SPGI","S&P Global","40","Financials","4020","Financial Services","402030","Capital Markets","40203040","Financial Exchanges & Data","0000064040","1957-03-04","Y","OK"
"AJG","Arthur J. Gallagher & Co.","40","Financials","4030","Insurance","403010","Insurance","40301010","Insurance Brokers","0000354190","2016-05-31","Y","OK"
"AON","Aon plc","40","Financials","4030","Insurance","403010","Insurance","40301010","Insurance Brokers","0000315293","1996-04-23","Y","OK"
"BRO","Brown & Brown","40","Financials","4030","Insurance","403010","Insurance","40301010","Insurance Brokers","0000079282","2021-09-20","Y","OK"
"ERIE","Erie Indemnity","40","Financials","4030","Insurance","403010","Insurance","40301010","Insurance Brokers","0000922621","2024-09-23","Y","OK"
"MRSH","Marsh McLennan","40","Financials","4030","Insurance","403010","Insurance","40301010","Insurance Brokers","0000062709","1987-08-31","Y","OK"
"WTW","Willis Towers Watson","40","Financials","4030","Insurance","403010","Insurance","40301010","Insurance Brokers","0001140536","2016-01-05","Y","OK"
"AFL","Aflac","40","Financials","4030","Insurance","403010","Insurance","40301020","Life & Health Insurance","0000004977","1999-05-28","Y","OK"
"GL","Globe Life","40","Financials","4030","Insurance","403010","Insurance","40301020","Life & Health Insurance","0000320335","1989-04-30","Y","OK"
"MET","MetLife","40","Financials","4030","Insurance","403010","Insurance","40301020","Life & Health Insurance","0001099219","2000-12-11","Y","OK"
"PFG","Principal Financial Group","40","Financials","4030","Insurance","403010","Insurance","40301020","Life & Health Insurance","0001126328","2002-07-22","Y","OK"
"PRU","Prudential Financial","40","Financials","4030","Insurance","403010","Insurance","40301020","Life & Health Insurance","0001137774","2002-07-22","Y","OK"
"AIG","American International Group","40","Financials","4030","Insurance","403010","Insurance","40301030","Multi-line Insurance","0000005272","1980-03-31","Y","OK"
"AIZ","Assurant","40","Financials","4030","Insurance","403010","Insurance","40301030","Multi-line Insurance","0001267238","2007-04-10","Y","OK"
"L","Loews Corporation","40","Financials","4030","Insurance","403010","Insurance","40301030","Multi-line Insurance","0000060086","1995-05-31","Y","OK"
"ACGL","Arch Capital Group","40","Financials","4030","Insurance","403010","Insurance","40301040","Property & Casualty Insurance","0000947484","2022-11-01","Y","OK"
"ALL","Allstate","40","Financials","4030","Insurance","403010","Insurance","40301040","Property & Casualty Insurance","0000899051","1995-07-13","Y","OK"
"CB","Chubb Limited","40","Financials","4030","Insurance","403010","Insurance","40301040","Property & Casualty Insurance","0000896159","2010-07-15","Y","OK"
"CINF","Cincinnati Financial","40","Financials","4030","Insurance","403010","Insurance","40301040","Property & Casualty Insurance","0000020286","1997-12-18","Y","OK"
"HIG","Hartford (The)","40","Financials","4030","Insurance","403010","Insurance","40301040","Property & Casualty Insurance","0000874766","1957-03-04","Y","OK"
"PGR","Progressive Corporation","40","Financials","4030","Insurance","403010","Insurance","40301040","Property & Casualty Insurance","0000080661","1997-08-04","Y","OK"
"TRV","Travelers Companies (The)","40","Financials","4030","Insurance","403010","Insurance","40301040","Property & Casualty Insurance","0000086312","2002-08-21","Y","OK"
"WRB","W. R. Berkley Corporation","40","Financials","4030","Insurance","403010","Insurance","40301040","Property & Casualty Insurance","0000011544","2019-12-05","Y","OK"
"EG","Everest Group","40","Financials","4030","Insurance","403010","Insurance","40301050","Reinsurance","0001095073","2017-06-19","Y","OK"
"ACN","Accenture","45","Information Technology","4510","Software & Services","451020","IT Services","45102010","IT Consulting & Other Services","0001467373","2011-07-06","Y","OK"
"CTSH","Cognizant","45","Information Technology","4510","Software & Services","451020","IT Services","45102010","IT Consulting & Other Services","0001058290","2006-11-17","Y","OK"
"IBM","IBM","45","Information Technology","4510","Software & Services","451020","IT Services","45102010","IT Consulting & Other Services","0000051143","1957-03-04","Y","OK"
"IT","Gartner","45","Information Technology","4510","Software & Services","451020","IT Services","45102010","IT Consulting & Other Services","0000749251","2017-04-05","Y","OK"
"AKAM","Akamai Technologies","45","Information Technology","4510","Software & Services","451020","IT Services","45102030","Internet Services & Infrastructure","0001086222","2007-07-12","Y","OK"
"GDDY","GoDaddy","45","Information Technology","4510","Software & Services","451020","IT Services","45102030","Internet Services & Infrastructure","0001609711","2024-06-24","Y","OK"
"VRSN","Verisign","45","Information Technology","4510","Software & Services","451020","IT Services","45102030","Internet Services & Infrastructure","0001014473","2006-02-01","Y","OK"
"ADBE","Adobe Inc.","45","Information Technology","4510","Software & Services","451030","Software","45103010","Application Software","0000796343","1997-05-05","Y","OK"
"ADSK","Autodesk","45","Information Technology","4510","Software & Services","451030","Software","45103010","Application Software","0000769397","1989-12-01","Y","OK"
"CDNS","Cadence Design Systems","45","Information Technology","4510","Software & Services","451030","Software","45103010","Application Software","0000813672","2017-09-18","Y","OK"
"CRM","Salesforce","45","Information Technology","4510","Software & Services","451030","Software","45103010","Application Software","0001108524","2008-09-15","Y","OK"
"DDOG","Datadog","45","Information Technology","4510","Software & Services","451030","Software","45103010","Application Software","0001561550","2025-07-09","Y","OK"
"FICO","Fair Isaac","45","Information Technology","4510","Software & Services","451030","Software","45103010","Application Software","0000814547","2023-03-20","Y","OK"
"INTU","Intuit","45","Information Technology","4510","Software & Services","451030","Software","45103010","Application Software","0000896878","2000-12-05","Y","OK"
"ORCL","Oracle Corporation","45","Information Technology","4510","Software & Services","451030","Software","45103010","Application Software","0001341439","1989-08-31","Y","OK"
"PLTR","Palantir Technologies","45","Information Technology","4510","Software & Services","451030","Software","45103010","Application Software","0001321655","2024-09-23","Y","OK"
"PTC","PTC Inc.","45","Information Technology","4510","Software & Services","451030","Software","45103010","Application Software","0000857005","2021-04-20","Y","OK"
"SNPS","Synopsys","45","Information Technology","4510","Software & Services","451030","Software","45103010","Application Software","0000883241","2017-03-16","Y","OK"
"TRMB","Trimble Inc.","45","Information Technology","4510","Software & Services","451030","Software","45103010","Application Software","0000864749","2021-01-21","Y","OK"
"TYL","Tyler Technologies","45","Information Technology","4510","Software & Services","451030","Software","45103010","Application Software","0000860731","2020-06-22","Y","OK"
"WDAY","Workday, Inc.","45","Information Technology","4510","Software & Services","451030","Software","45103010","Application Software","0001327811","2024-12-23","Y","OK"
"CRWD","CrowdStrike","45","Information Technology","4510","Software & Services","451030","Software","45103020","Systems Software","0001535527","2024-06-24","Y","OK"
"FTNT","Fortinet","45","Information Technology","4510","Software & Services","451030","Software","45103020","Systems Software","0001262039","2018-10-11","Y","OK"
"GEN","Gen Digital","45","Information Technology","4510","Software & Services","451030","Software","45103020","Systems Software","0000849399","2003-03-25","Y","OK"
"MSFT","Microsoft","45","Information Technology","4510","Software & Services","451030","Software","45103020","Systems Software","0000789019","1994-06-01","Y","OK"
"NOW","ServiceNow","45","Information Technology","4510","Software & Services","451030","Software","45103020","Systems Software","0001373715","2019-11-21","Y","OK"
"PANW","Palo Alto Networks","45","Information Technology","4510","Software & Services","451030","Software","45103020","Systems Software","0001327567","2023-06-20","Y","OK"
"ANET","Arista Networks","45","Information Technology","4520","Technology Hardware & Equipment","452010","Communications Equipment","45201020","Communications Equipment","0001596532","2018-08-28","Y","OK"
"CIEN","Ciena","45","Information Technology","4520","Technology Hardware & Equipment","452010","Communications Equipment","45201020","Communications Equipment","0000936395","2026-02-09","Y","OK"
"CSCO","Cisco","45","Information Technology","4520","Technology Hardware & Equipment","452010","Communications Equipment","45201020","Communications Equipment","0000858877","1993-12-01","Y","OK"
"FFIV","F5, Inc.","45","Information Technology","4520","Technology Hardware & Equipment","452010","Communications Equipment","45201020","Communications Equipment","0001048695","2010-12-20","Y","OK"
"LITE","Lumentum","45","Information Technology","4520","Technology Hardware & Equipment","452010","Communications Equipment","45201020","Communications Equipment","0001633978","2026-03-23","Y","OK"
"MSI","Motorola Solutions","45","Information Technology","4520","Technology Hardware & Equipment","452010","Communications Equipment","45201020","Communications Equipment","0000068505","1957-03-04","Y","OK"
"AAPL","Apple Inc.","45","Information Technology","4520","Technology Hardware & Equipment","452020","Technology Hardware, Storage & Peripherals","45202030","Technology Hardware, Storage & Peripherals","0000320193","1982-11-30","Y","OK"
"DELL","Dell Technologies","45","Information Technology","4520","Technology Hardware & Equipment","452020","Technology Hardware, Storage & Peripherals","45202030","Technology Hardware, Storage & Peripherals","0001571996","2024-09-23","Y","OK"
"HPE","Hewlett Packard Enterprise","45","Information Technology","4520","Technology Hardware & Equipment","452020","Technology Hardware, Storage & Peripherals","45202030","Technology Hardware, Storage & Peripherals","0001645590","2015-11-02","Y","OK"
"HPQ","HP Inc.","45","Information Technology","4520","Technology Hardware & Equipment","452020","Technology Hardware, Storage & Peripherals","45202030","Technology Hardware, Storage & Peripherals","0000047217","1974-12-31","Y","OK"
"NTAP","NetApp","45","Information Technology","4520","Technology Hardware & Equipment","452020","Technology Hardware, Storage & Peripherals","45202030","Technology Hardware, Storage & Peripherals","0001002047","1999-06-25","Y","OK"
"SMCI","Supermicro","45","Information Technology","4520","Technology Hardware & Equipment","452020","Technology Hardware, Storage & Peripherals","45202030","Technology Hardware, Storage & Peripherals","0001375365","2024-03-18","Y","OK"
"SNDK","Sandisk","45","Information Technology","4520","Technology Hardware & Equipment","452020","Technology Hardware, Storage & Peripherals","45202030","Technology Hardware, Storage & Peripherals","0002023554","2025-11-28","Y","OK"
"STX","Seagate Technology","45","Information Technology","4520","Technology Hardware & Equipment","452020","Technology Hardware, Storage & Peripherals","45202030","Technology Hardware, Storage & Peripherals","0001137789","2012-07-02","Y","OK"
"WDC","Western Digital","45","Information Technology","4520","Technology Hardware & Equipment","452020","Technology Hardware, Storage & Peripherals","45202030","Technology Hardware, Storage & Peripherals","0000106040","2009-07-01","Y","OK"
"KEYS","Keysight Technologies","45","Information Technology","4520","Technology Hardware & Equipment","452030","Electronic Equipment, Instruments & Components","45203010","Electronic Equipment & Instruments","0001601046","2018-11-06","Y","OK"
"ROP","Roper Technologies","45","Information Technology","4520","Technology Hardware & Equipment","452030","Electronic Equipment, Instruments & Components","45203010","Electronic Equipment & Instruments","0000882835","2009-12-23","Y","OK"
"TDY","Teledyne Technologies","45","Information Technology","4520","Technology Hardware & Equipment","452030","Electronic Equipment, Instruments & Components","45203010","Electronic Equipment & Instruments","0001094285","2020-06-22","Y","OK"
"ZBRA","Zebra Technologies","45","Information Technology","4520","Technology Hardware & Equipment","452030","Electronic Equipment, Instruments & Components","45203010","Electronic Equipment & Instruments","0000877212","2019-12-23","Y","OK"
"APH","Amphenol","45","Information Technology","4520","Technology Hardware & Equipment","452030","Electronic Equipment, Instruments & Components","45203015","Electronic Components","0000820313","2008-09-30","Y","OK"
"COHR","Coherent Corp.","45","Information Technology","4520","Technology Hardware & Equipment","452030","Electronic Equipment, Instruments & Components","45203015","Electronic Components","0000820318","2026-03-23","Y","OK"
"GLW","Corning Inc.","45","Information Technology","4520","Technology Hardware & Equipment","452030","Electronic Equipment, Instruments & Components","45203015","Electronic Components","0000024741","1995-02-27","Y","OK"
"FLEX","Flex Ltd.","45","Information Technology","4520","Technology Hardware & Equipment","452030","Electronic Equipment, Instruments & Components","45203020","Electronic Manufacturing Services","0000866374","2026-06-22","Y","OK"
"JBL","Jabil","45","Information Technology","4520","Technology Hardware & Equipment","452030","Electronic Equipment, Instruments & Components","45203020","Electronic Manufacturing Services","0000898293","2023-12-18","Y","OK"
"TEL","TE Connectivity","45","Information Technology","4520","Technology Hardware & Equipment","452030","Electronic Equipment, Instruments & Components","45203020","Electronic Manufacturing Services","0001385157","2011-10-17","Y","OK"
"CDW","CDW Corporation","45","Information Technology","4520","Technology Hardware & Equipment","452030","Electronic Equipment, Instruments & Components","45203030","Technology Distributors","0001402057","2019-09-23","Y","OK"
"AMAT","Applied Materials","45","Information Technology","4530","Semiconductors & Semiconductor Equipment","453010","Semiconductors & Semiconductor Equipment","45301010","Semiconductor Materials & Equipment","0000006951","1995-03-16","Y","OK"
"KLAC","KLA Corporation","45","Information Technology","4530","Semiconductors & Semiconductor Equipment","453010","Semiconductors & Semiconductor Equipment","45301010","Semiconductor Materials & Equipment","0000319201","1997-09-30","Y","OK"
"LRCX","Lam Research","45","Information Technology","4530","Semiconductors & Semiconductor Equipment","453010","Semiconductors & Semiconductor Equipment","45301010","Semiconductor Materials & Equipment","0000707549","2012-06-29","Y","OK"
"Q","Qnity Electronics","45","Information Technology","4530","Semiconductors & Semiconductor Equipment","453010","Semiconductors & Semiconductor Equipment","45301010","Semiconductor Materials & Equipment","0002058873","2025-11-03","Y","OK"
"TER","Teradyne","45","Information Technology","4530","Semiconductors & Semiconductor Equipment","453010","Semiconductors & Semiconductor Equipment","45301010","Semiconductor Materials & Equipment","0000097210","2020-09-21","Y","OK"
"ADI","Analog Devices","45","Information Technology","4530","Semiconductors & Semiconductor Equipment","453010","Semiconductors & Semiconductor Equipment","45301020","Semiconductors","0000006281","1999-10-12","Y","OK"
"AMD","Advanced Micro Devices","45","Information Technology","4530","Semiconductors & Semiconductor Equipment","453010","Semiconductors & Semiconductor Equipment","45301020","Semiconductors","0000002488","2017-03-20","Y","OK"
"AVGO","Broadcom","45","Information Technology","4530","Semiconductors & Semiconductor Equipment","453010","Semiconductors & Semiconductor Equipment","45301020","Semiconductors","0001730168","2014-05-08","Y","OK"
"FSLR","First Solar","45","Information Technology","4530","Semiconductors & Semiconductor Equipment","453010","Semiconductors & Semiconductor Equipment","45301020","Semiconductors","0001274494","2022-12-19","Y","OK"
"INTC","Intel","45","Information Technology","4530","Semiconductors & Semiconductor Equipment","453010","Semiconductors & Semiconductor Equipment","45301020","Semiconductors","0000050863","1976-12-31","Y","OK"
"MCHP","Microchip Technology","45","Information Technology","4530","Semiconductors & Semiconductor Equipment","453010","Semiconductors & Semiconductor Equipment","45301020","Semiconductors","0000827054","2007-09-07","Y","OK"
"MPWR","Monolithic Power Systems","45","Information Technology","4530","Semiconductors & Semiconductor Equipment","453010","Semiconductors & Semiconductor Equipment","45301020","Semiconductors","0001280452","2021-02-12","Y","OK"
"MRVL","Marvell Technology","45","Information Technology","4530","Semiconductors & Semiconductor Equipment","453010","Semiconductors & Semiconductor Equipment","45301020","Semiconductors","0001835632","2026-06-22","Y","OK"
"MU","Micron Technology","45","Information Technology","4530","Semiconductors & Semiconductor Equipment","453010","Semiconductors & Semiconductor Equipment","45301020","Semiconductors","0000723125","1994-09-27","Y","OK"
"NVDA","Nvidia","45","Information Technology","4530","Semiconductors & Semiconductor Equipment","453010","Semiconductors & Semiconductor Equipment","45301020","Semiconductors","0001045810","2001-11-30","Y","OK"
"NXPI","NXP Semiconductors","45","Information Technology","4530","Semiconductors & Semiconductor Equipment","453010","Semiconductors & Semiconductor Equipment","45301020","Semiconductors","0001413447","2021-03-22","Y","OK"
"ON","ON Semiconductor","45","Information Technology","4530","Semiconductors & Semiconductor Equipment","453010","Semiconductors & Semiconductor Equipment","45301020","Semiconductors","0001097864","2022-06-21","Y","OK"
"QCOM","Qualcomm","45","Information Technology","4530","Semiconductors & Semiconductor Equipment","453010","Semiconductors & Semiconductor Equipment","45301020","Semiconductors","0000804328","1999-07-22","Y","OK"
"SWKS","Skyworks Solutions","45","Information Technology","4530","Semiconductors & Semiconductor Equipment","453010","Semiconductors & Semiconductor Equipment","45301020","Semiconductors","0000004127","2015-03-12","Y","OK"
"TXN","Texas Instruments","45","Information Technology","4530","Semiconductors & Semiconductor Equipment","453010","Semiconductors & Semiconductor Equipment","45301020","Semiconductors","0000097476","2001-03-12","Y","OK"
"T","AT&T","50","Communication Services","5010","Telecommunication Services","501010","Diversified Telecommunication Services","50101020","Integrated Telecommunication Services","0000732717","1983-11-30","Y","OK"
"VZ","Verizon","50","Communication Services","5010","Telecommunication Services","501010","Diversified Telecommunication Services","50101020","Integrated Telecommunication Services","0000732712","1983-11-30","Y","OK"
"ECHO","EchoStar","50","Communication Services","5010","Telecommunication Services","501020","Wireless Telecommunication Services","50102010","Wireless Telecommunication Services","0001415404","2026-03-23","Y","OK"
"TMUS","T-Mobile US","50","Communication Services","5010","Telecommunication Services","501020","Wireless Telecommunication Services","50102010","Wireless Telecommunication Services","0001283699","2019-07-15","Y","OK"
"APP","AppLovin","50","Communication Services","5020","Media & Entertainment","502010","Media","50201010","Advertising","0001751008","2025-09-22","Y","OK"
"OMC","Omnicom Group","50","Communication Services","5020","Media & Entertainment","502010","Media","50201010","Advertising","0000029989","1997-12-31","Y","OK"
"TTD","Trade Desk (The)","50","Communication Services","5020","Media & Entertainment","502010","Media","50201010","Advertising","0001671933","2025-07-18","Y","OK"
"FOX","Fox Corporation (Class B)","50","Communication Services","5020","Media & Entertainment","502010","Media","50201020","Broadcasting","0001754301","2019-03-19","Y","OK"
"FOXA","Fox Corporation (Class A)","50","Communication Services","5020","Media & Entertainment","502010","Media","50201020","Broadcasting","0001754301","2019-03-19","Y","OK"
"WBD","Warner Bros. Discovery","50","Communication Services","5020","Media & Entertainment","502010","Media","50201020","Broadcasting","0001437107","2022-04-11","Y","OK"
"CHTR","Charter Communications","50","Communication Services","5020","Media & Entertainment","502010","Media","50201030","Cable & Satellite","0001091667","2016-09-08","Y","OK"
"CMCSA","Comcast","50","Communication Services","5020","Media & Entertainment","502010","Media","50201030","Cable & Satellite","0001166691","2002-11-19","Y","OK"
"NWS","News Corp (Class B)","50","Communication Services","5020","Media & Entertainment","502010","Media","50201040","Publishing","0001564708","2015-09-18","Y","OK"
"NWSA","News Corp (Class A)","50","Communication Services","5020","Media & Entertainment","502010","Media","50201040","Publishing","0001564708","2013-08-01","Y","OK"
"DIS","Walt Disney Company (The)","50","Communication Services","5020","Media & Entertainment","502020","Entertainment","50202010","Movies & Entertainment","0001744489","1976-06-30","Y","OK"
"LYV","Live Nation Entertainment","50","Communication Services","5020","Media & Entertainment","502020","Entertainment","50202010","Movies & Entertainment","0001335258","2019-12-23","Y","OK"
"NFLX","Netflix","50","Communication Services","5020","Media & Entertainment","502020","Entertainment","50202010","Movies & Entertainment","0001065280","2010-12-20","Y","OK"
"PSKY","Paramount Skydance Corporation","50","Communication Services","5020","Media & Entertainment","502020","Entertainment","50202010","Movies & Entertainment","0002041610","1994-09-30","Y","OK"
"TKO","TKO Group Holdings","50","Communication Services","5020","Media & Entertainment","502020","Entertainment","50202010","Movies & Entertainment","0001973266","2025-03-24","Y","OK"
"TTWO","Take-Two Interactive","50","Communication Services","5020","Media & Entertainment","502020","Entertainment","50202020","Interactive Home Entertainment","0000946581","2018-03-19","Y","OK"
"GOOG","Alphabet Inc. (Class C)","50","Communication Services","5020","Media & Entertainment","502030","Interactive Media & Services","50203010","Interactive Media & Services","0001652044","2014-04-03","Y","OK"
"GOOGL","Alphabet Inc. (Class A)","50","Communication Services","5020","Media & Entertainment","502030","Interactive Media & Services","50203010","Interactive Media & Services","0001652044","2006-04-03","Y","OK"
"META","Meta Platforms","50","Communication Services","5020","Media & Entertainment","502030","Interactive Media & Services","50203010","Interactive Media & Services","0001326801","2013-12-23","Y","OK"
"RDDT","Reddit","50","Communication Services","5020","Media & Entertainment","502030","Interactive Media & Services","50203010","Interactive Media & Services","0001713445","2026-08-18","Y","OK"
"AEP","American Electric Power","55","Utilities","5510","Utilities","551010","Electric Utilities","55101010","Electric Utilities","0000004904","1957-03-04","Y","OK"
"CEG","Constellation Energy","55","Utilities","5510","Utilities","551010","Electric Utilities","55101010","Electric Utilities","0001868275","2022-02-02","Y","OK"
"DUK","Duke Energy","55","Utilities","5510","Utilities","551010","Electric Utilities","55101010","Electric Utilities","0001326160","1976-06-30","Y","OK"
"EIX","Edison International","55","Utilities","5510","Utilities","551010","Electric Utilities","55101010","Electric Utilities","0000827052","1957-03-04","Y","OK"
"ES","Eversource Energy","55","Utilities","5510","Utilities","551010","Electric Utilities","55101010","Electric Utilities","0000072741","2009-07-24","Y","OK"
"ETR","Entergy","55","Utilities","5510","Utilities","551010","Electric Utilities","55101010","Electric Utilities","0000065984","1957-03-04","Y","OK"
"EVRG","Evergy","55","Utilities","5510","Utilities","551010","Electric Utilities","55101010","Electric Utilities","0001711269","2018-06-05","Y","OK"
"EXC","Exelon","55","Utilities","5510","Utilities","551010","Electric Utilities","55101010","Electric Utilities","0001109357","1957-03-04","Y","OK"
"FE","FirstEnergy","55","Utilities","5510","Utilities","551010","Electric Utilities","55101010","Electric Utilities","0001031296","1997-11-28","Y","OK"
"LNT","Alliant Energy","55","Utilities","5510","Utilities","551010","Electric Utilities","55101010","Electric Utilities","0000352541","2016-07-01","Y","OK"
"PEG","Public Service Enterprise Group","55","Utilities","5510","Utilities","551010","Electric Utilities","55101010","Electric Utilities","0000788784","1957-03-04","Y","OK"
"PPL","PPL Corporation","55","Utilities","5510","Utilities","551010","Electric Utilities","55101010","Electric Utilities","0000922224","2001-10-01","Y","OK"
"SO","Southern Company","55","Utilities","5510","Utilities","551010","Electric Utilities","55101010","Electric Utilities","0000092122","1957-03-04","Y","OK"
"VST","Vistra Corp.","55","Utilities","5510","Utilities","551010","Electric Utilities","55101010","Electric Utilities","0001692819","2024-05-08","Y","OK"
"WEC","WEC Energy Group","55","Utilities","5510","Utilities","551010","Electric Utilities","55101010","Electric Utilities","0000783325","2008-10-31","Y","OK"
"ATO","Atmos Energy","55","Utilities","5510","Utilities","551020","Gas Utilities","55102010","Gas Utilities","0000731802","2019-02-15","Y","OK"
"AEE","Ameren","55","Utilities","5510","Utilities","551030","Multi-Utilities","55103010","Multi-Utilities","0001002910","1991-09-19","Y","OK"
"CMS","CMS Energy","55","Utilities","5510","Utilities","551030","Multi-Utilities","55103010","Multi-Utilities","0000811156","1957-03-04","Y","OK"
"CNP","CenterPoint Energy","55","Utilities","5510","Utilities","551030","Multi-Utilities","55103010","Multi-Utilities","0001130310","1985-07-31","Y","OK"
"D","Dominion Energy","55","Utilities","5510","Utilities","551030","Multi-Utilities","55103010","Multi-Utilities","0000715957","2016-11-30","Y","OK"
"DTE","DTE Energy","55","Utilities","5510","Utilities","551030","Multi-Utilities","55103010","Multi-Utilities","0000936340","1957-03-04","Y","OK"
"ED","Consolidated Edison","55","Utilities","5510","Utilities","551030","Multi-Utilities","55103010","Multi-Utilities","0001047862","1957-03-04","Y","OK"
"NEE","NextEra Energy","55","Utilities","5510","Utilities","551030","Multi-Utilities","55103010","Multi-Utilities","0000753308","1976-06-30","Y","OK"
"NI","NiSource","55","Utilities","5510","Utilities","551030","Multi-Utilities","55103010","Multi-Utilities","0001111711","2000-11-02","Y","OK"
"PCG","PG&E Corporation","55","Utilities","5510","Utilities","551030","Multi-Utilities","55103010","Multi-Utilities","0001004980","2022-10-03","Y","OK"
"PNW","Pinnacle West Capital","55","Utilities","5510","Utilities","551030","Multi-Utilities","55103010","Multi-Utilities","0000764622","1999-10-04","Y","OK"
"SRE","Sempra","55","Utilities","5510","Utilities","551030","Multi-Utilities","55103010","Multi-Utilities","0001032208","2017-03-17","Y","OK"
"XEL","Xcel Energy","55","Utilities","5510","Utilities","551030","Multi-Utilities","55103010","Multi-Utilities","0000072903","1957-03-04","Y","OK"
"AWK","American Water Works","55","Utilities","5510","Utilities","551040","Water Utilities","55104010","Water Utilities","0001410636","2016-03-04","Y","OK"
"AES","AES Corporation","55","Utilities","5510","Utilities","551050","Independent Power and Renewable Electricity Producers","55105010","Independent Power Producers & Energy Traders","0000874761","1998-10-02","Y","OK"
"NRG","NRG Energy","55","Utilities","5510","Utilities","551050","Independent Power and Renewable Electricity Producers","55105010","Independent Power Producers & Energy Traders","0001013871","2010-01-29","Y","OK"
"PLD","Prologis","60","Real Estate","6010","Equity Real Estate Investment Trusts (REITs)","601025","Industrial REITs","60102510","Industrial REITs","0001045609","2003-07-17","Y","OK"
"HST","Host Hotels & Resorts","60","Real Estate","6010","Equity Real Estate Investment Trusts (REITs)","601030","Hotel & Resort REITs","60103010","Hotel & Resort REITs","0001070750","2007-03-20","Y","OK"
"VICI","Vici Properties","60","Real Estate","6010","Equity Real Estate Investment Trusts (REITs)","601030","Hotel & Resort REITs","60103010","Hotel & Resort REITs","0001705696","2022-06-08","Y","OK"
"ARE","Alexandria Real Estate Equities","60","Real Estate","6010","Equity Real Estate Investment Trusts (REITs)","601040","Office REITs","60104010","Office REITs","0001035443","2017-03-20","Y","OK"
"BXP","BXP, Inc.","60","Real Estate","6010","Equity Real Estate Investment Trusts (REITs)","601040","Office REITs","60104010","Office REITs","0001037540","2006-04-03","Y","OK"
"DOC","Healthpeak Properties","60","Real Estate","6010","Equity Real Estate Investment Trusts (REITs)","601050","Health Care REITs","60105010","Health Care REITs","0000765880","2008-03-31","Y","OK"
"VTR","Ventas","60","Real Estate","6010","Equity Real Estate Investment Trusts (REITs)","601050","Health Care REITs","60105010","Health Care REITs","0000740260","2009-03-04","Y","OK"
"WELL","Welltower","60","Real Estate","6010","Equity Real Estate Investment Trusts (REITs)","601050","Health Care REITs","60105010","Health Care REITs","0000766704","2009-01-30","Y","OK"
"CPT","Camden Property Trust","60","Real Estate","6010","Equity Real Estate Investment Trusts (REITs)","601060","Residential REITs","60106010","Multi-Family Residential REITs","0000906345","2022-04-04","Y","OK"
"ESS","Essex Property Trust","60","Real Estate","6010","Equity Real Estate Investment Trusts (REITs)","601060","Residential REITs","60106010","Multi-Family Residential REITs","0000920522","2014-04-02","Y","OK"
"MAA","Mid-America Apartment Communities","60","Real Estate","6010","Equity Real Estate Investment Trusts (REITs)","601060","Residential REITs","60106010","Multi-Family Residential REITs","0000912595","2016-12-02","Y","OK"
"UDR","UDR, Inc.","60","Real Estate","6010","Equity Real Estate Investment Trusts (REITs)","601060","Residential REITs","60106010","Multi-Family Residential REITs","0000074208","2016-03-07","Y","OK"
"VMRK","Vivmark Residential","60","Real Estate","6010","Equity Real Estate Investment Trusts (REITs)","601060","Residential REITs","60106010","Multi-Family Residential REITs","0000906107","2001-12-03","Y","OK"
"INVH","Invitation Homes","60","Real Estate","6010","Equity Real Estate Investment Trusts (REITs)","601060","Residential REITs","60106020","Single-Family Residential REITs","0001687229","2022-09-19","Y","OK"
"FRT","Federal Realty Investment Trust","60","Real Estate","6010","Equity Real Estate Investment Trusts (REITs)","601070","Retail REITs","60107010","Retail REITs","0000034903","2016-02-01","Y","OK"
"KIM","Kimco Realty","60","Real Estate","6010","Equity Real Estate Investment Trusts (REITs)","601070","Retail REITs","60107010","Retail REITs","0000879101","2006-04-04","Y","OK"
"O","Realty Income","60","Real Estate","6010","Equity Real Estate Investment Trusts (REITs)","601070","Retail REITs","60107010","Retail REITs","0000726728","2015-04-07","Y","OK"
"REG","Regency Centers","60","Real Estate","6010","Equity Real Estate Investment Trusts (REITs)","601070","Retail REITs","60107010","Retail REITs","0000910606","2017-03-02","Y","OK"
"SPG","Simon Property Group","60","Real Estate","6010","Equity Real Estate Investment Trusts (REITs)","601070","Retail REITs","60107010","Retail REITs","0001063761","2002-06-26","Y","OK"
"IRM","Iron Mountain","60","Real Estate","6010","Equity Real Estate Investment Trusts (REITs)","601080","Specialized REITs","60108010","Other Specialized REITs","0001020569","2009-01-06","Y","OK"
"EXR","Extra Space Storage","60","Real Estate","6010","Equity Real Estate Investment Trusts (REITs)","601080","Specialized REITs","60108020","Self-Storage REITs","0001289490","2016-01-19","Y","OK"
"PSA","Public Storage","60","Real Estate","6010","Equity Real Estate Investment Trusts (REITs)","601080","Specialized REITs","60108020","Self-Storage REITs","0001393311","2005-08-19","Y","OK"
"AMT","American Tower","60","Real Estate","6010","Equity Real Estate Investment Trusts (REITs)","601080","Specialized REITs","60108030","Telecom Tower REITs","0001053507","2007-11-19","Y","OK"
"CCI","Crown Castle","60","Real Estate","6010","Equity Real Estate Investment Trusts (REITs)","601080","Specialized REITs","60108030","Telecom Tower REITs","0001051470","2012-03-14","Y","OK"
"SBAC","SBA Communications","60","Real Estate","6010","Equity Real Estate Investment Trusts (REITs)","601080","Specialized REITs","60108030","Telecom Tower REITs","0001034054","2017-09-01","Y","OK"
"WY","Weyerhaeuser","60","Real Estate","6010","Equity Real Estate Investment Trusts (REITs)","601080","Specialized REITs","60108040","Timber REITs","0000106535","1979-10-01","Y","OK"
"DLR","Digital Realty","60","Real Estate","6010","Equity Real Estate Investment Trusts (REITs)","601080","Specialized REITs","60108050","Data Center REITs","0001297996","2016-05-18","Y","OK"
"EQIX","Equinix","60","Real Estate","6010","Equity Real Estate Investment Trusts (REITs)","601080","Specialized REITs","60108050","Data Center REITs","0001101239","2015-03-20","Y","OK"
"CBRE","CBRE Group","60","Real Estate","6020","Real Estate Management & Development","602010","Real Estate Management & Development","60201040","Real Estate Services","0001138118","2006-11-10","Y","OK"
"CSGP","CoStar Group","60","Real Estate","6020","Real Estate Management & Development","602010","Real Estate Management & Development","60201040","Real Estate Services","0001057352","2022-09-19","Y","OK"
