base_date,theme_code,theme_name,ticker,company_name,naver_theme_no,naver_theme_name
"2026-09-28","T536","HBM","000660","SK하이닉스",536,"HBM(고대역폭메모리)"
"2026-09-28","T536","HBM","003160","디아이",536,"HBM(고대역폭메모리)"
"2026-09-28","T536","HBM","005930","삼성전자",536,"HBM(고대역폭메모리)"
"2026-09-28","T536","HBM","031980","피에스케이홀딩스",536,"HBM(고대역폭메모리)"
"2026-09-28","T536","HBM","033160","엠케이전자",536,"HBM(고대역폭메모리)"
"2026-09-28","T536","HBM","039030","이오테크닉스",536,"HBM(고대역폭메모리)"
"2026-09-28","T536","HBM","039440","에스티아이",536,"HBM(고대역폭메모리)"
"2026-09-28","T536","HBM","042700","한미반도체",536,"HBM(고대역폭메모리)"
"2026-09-28","T536","HBM","079370","제우스",536,"HBM(고대역폭메모리)"
"2026-09-28","T536","HBM","086390","유니테스트",536,"HBM(고대역폭메모리)"
"2026-09-28","T536","HBM","089030","테크윙",536,"HBM(고대역폭메모리)"
"2026-09-28","T536","HBM","095340","ISC",536,"HBM(고대역폭메모리)"
"2026-09-28","T536","HBM","097800","윈팩",536,"HBM(고대역폭메모리)"
"2026-09-28","T536","HBM","098460","고영",536,"HBM(고대역폭메모리)"
"2026-09-28","T536","HBM","110990","디아이티",536,"HBM(고대역폭메모리)"
"2026-09-28","T536","HBM","112290","와이씨켐",536,"HBM(고대역폭메모리)"
"2026-09-28","T536","HBM","122640","예스티",536,"HBM(고대역폭메모리)"
"2026-09-28","T536","HBM","168360","펨트론",536,"HBM(고대역폭메모리)"
"2026-09-28","T536","HBM","217190","제너셈",536,"HBM(고대역폭메모리)"
"2026-09-28","T536","HBM","220260","켐트로스",536,"HBM(고대역폭메모리)"
"2026-09-28","T536","HBM","228850","레이언스",536,"HBM(고대역폭메모리)"
"2026-09-28","T536","HBM","232140","와이씨",536,"HBM(고대역폭메모리)"
"2026-09-28","T536","HBM","254490","미래반도체",536,"HBM(고대역폭메모리)"
"2026-09-28","T536","HBM","281820","케이씨텍",536,"HBM(고대역폭메모리)"
"2026-09-28","T536","HBM","307750","국전",536,"HBM(고대역폭메모리)"
"2026-09-28","T536","HBM","322310","오로스테크놀로지",536,"HBM(고대역폭메모리)"
"2026-09-28","T536","HBM","348210","넥스틴",536,"HBM(고대역폭메모리)"
"2026-09-28","T536","HBM","394280","오픈엣지테크놀로지",536,"HBM(고대역폭메모리)"
"2026-09-28","T536","HBM","396470","워트",536,"HBM(고대역폭메모리)"
"2026-09-28","T536","HBM","405100","큐알티",536,"HBM(고대역폭메모리)"
"2026-09-28","T536","HBM","412350","레이저쎌",536,"HBM(고대역폭메모리)"
"2026-09-28","T536","HBM","424980","마이크로투나노",536,"HBM(고대역폭메모리)"
"2026-09-28","T536","HBM","451220","아이엠티",536,"HBM(고대역폭메모리)"
"2026-09-28","T536","HBM","489790","한화비전",536,"HBM(고대역폭메모리)"
"2026-09-28","T012","반도체 장비","0015G0","그린광학",12,"반도체 장비"
"2026-09-28","T012","반도체 장비","0017J0","세미티에스",12,"반도체 장비"
"2026-09-28","T012","반도체 장비","003160","디아이",12,"반도체 장비"
"2026-09-28","T012","반도체 장비","011930","신성이엔지",12,"반도체 장비"
"2026-09-28","T012","반도체 장비","025560","미래산업",12,"반도체 장비"
"2026-09-28","T012","반도체 장비","029460","케이씨",12,"반도체 장비"
"2026-09-28","T012","반도체 장비","030530","원익홀딩스",12,"반도체 장비"
"2026-09-28","T012","반도체 장비","031980","피에스케이홀딩스",12,"반도체 장비"
"2026-09-28","T012","반도체 장비","036170","에이치엠넥스",12,"반도체 장비"
"2026-09-28","T012","반도체 장비","036200","유니셈",12,"반도체 장비"
"2026-09-28","T012","반도체 장비","036540","SFA반도체",12,"반도체 장비"
"2026-09-28","T012","반도체 장비","036810","에프에스티",12,"반도체 장비"
"2026-09-28","T012","반도체 장비","036930","주성엔지니어링",12,"반도체 장비"
"2026-09-28","T012","반도체 장비","037350","성도이엔지",12,"반도체 장비"
"2026-09-28","T012","반도체 장비","039030","이오테크닉스",12,"반도체 장비"
"2026-09-28","T012","반도체 장비","039440","에스티아이",12,"반도체 장비"
"2026-09-28","T012","반도체 장비","041520","이엘씨",12,"반도체 장비"
"2026-09-28","T012","반도체 장비","042700","한미반도체",12,"반도체 장비"
"2026-09-28","T012","반도체 장비","045100","한양이엔지",12,"반도체 장비"
"2026-09-28","T012","반도체 장비","045300","성우테크론",12,"반도체 장비"
"2026-09-28","T012","반도체 장비","049080","기가레인",12,"반도체 장비"
"2026-09-28","T012","반도체 장비","053080","케이엔솔",12,"반도체 장비"
"2026-09-28","T012","반도체 장비","053610","프로텍",12,"반도체 장비"
"2026-09-28","T012","반도체 장비","056190","SFA",12,"반도체 장비"
"2026-09-28","T012","반도체 장비","058470","리노공업",12,"반도체 장비"
"2026-09-28","T012","반도체 장비","064290","인텍플러스",12,"반도체 장비"
"2026-09-28","T012","반도체 장비","064760","티씨케이",12,"반도체 장비"
"2026-09-28","T012","반도체 장비","065130","탑엔지니어링",12,"반도체 장비"
"2026-09-28","T012","반도체 장비","067310","하나마이크론",12,"반도체 장비"
"2026-09-28","T012","반도체 장비","071280","로체시스템즈",12,"반도체 장비"
"2026-09-28","T012","반도체 장비","079370","제우스",12,"반도체 장비"
"2026-09-28","T012","반도체 장비","081180","쎄크",12,"반도체 장비"
"2026-09-28","T012","반도체 장비","083310","엘오티베큠",12,"반도체 장비"
"2026-09-28","T012","반도체 장비","083450","GST",12,"반도체 장비"
"2026-09-28","T012","반도체 장비","084370","유진테크",12,"반도체 장비"
"2026-09-28","T012","반도체 장비","086390","유니테스트",12,"반도체 장비"
"2026-09-28","T012","반도체 장비","089030","테크윙",12,"반도체 장비"
"2026-09-28","T012","반도체 장비","089790","제이티",12,"반도체 장비"
"2026-09-28","T012","반도체 장비","089890","코세스",12,"반도체 장비"
"2026-09-28","T012","반도체 장비","089970","브이엠",12,"반도체 장비"
"2026-09-28","T012","반도체 장비","090360","로보스타",12,"반도체 장비"
"2026-09-28","T012","반도체 장비","090470","제이스로보틱스",12,"반도체 장비"
"2026-09-28","T012","반도체 장비","092870","엑시콘",12,"반도체 장비"
"2026-09-28","T012","반도체 장비","095610","테스",12,"반도체 장비"
"2026-09-28","T012","반도체 장비","098460","고영",12,"반도체 장비"
"2026-09-28","T012","반도체 장비","110990","디아이티",12,"반도체 장비"
"2026-09-28","T012","반도체 장비","122640","예스티",12,"반도체 장비"
"2026-09-28","T012","반도체 장비","131290","티에스이",12,"반도체 장비"
"2026-09-28","T012","반도체 장비","140070","서플러스글로벌",12,"반도체 장비"
"2026-09-28","T012","반도체 장비","140670","알에스오토메이션",12,"반도체 장비"
"2026-09-28","T012","반도체 장비","140860","파크시스템스",12,"반도체 장비"
"2026-09-28","T012","반도체 장비","159010","아스플로",12,"반도체 장비"
"2026-09-28","T012","반도체 장비","160980","싸이맥스",12,"반도체 장비"
"2026-09-28","T012","반도체 장비","168360","펨트론",12,"반도체 장비"
"2026-09-28","T012","반도체 장비","178320","서진시스템",12,"반도체 장비"
"2026-09-28","T012","반도체 장비","183300","코미코",12,"반도체 장비"
"2026-09-28","T012","반도체 장비","187870","디바이스",12,"반도체 장비"
"2026-09-28","T012","반도체 장비","200470","에이팩트",12,"반도체 장비"
"2026-09-28","T012","반도체 장비","212710","아이에스티이",12,"반도체 장비"
"2026-09-28","T012","반도체 장비","217190","제너셈",12,"반도체 장비"
"2026-09-28","T012","반도체 장비","217500","러셀",12,"반도체 장비"
"2026-09-28","T012","반도체 장비","224060","더코디",12,"반도체 장비"
"2026-09-28","T012","반도체 장비","227950","엔투텍",12,"반도체 장비"
"2026-09-28","T012","반도체 장비","232140","와이씨",12,"반도체 장비"
"2026-09-28","T012","반도체 장비","232680","라온로보틱스",12,"반도체 장비"
"2026-09-28","T012","반도체 장비","240810","원익IPS",12,"반도체 장비"
"2026-09-28","T012","반도체 장비","241790","티이엠씨씨엔에스",12,"반도체 장비"
"2026-09-28","T012","반도체 장비","253590","네오셈",12,"반도체 장비"
"2026-09-28","T012","반도체 장비","254120","자비스",12,"반도체 장비"
"2026-09-28","T012","반도체 장비","256630","포인트엔지니어링",12,"반도체 장비"
"2026-09-28","T012","반도체 장비","264660","씨앤지하이테크",12,"반도체 장비"
"2026-09-28","T012","반도체 장비","265520","AP시스템",12,"반도체 장비"
"2026-09-28","T012","반도체 장비","271830","팸텍",12,"반도체 장비"
"2026-09-28","T012","반도체 장비","281820","케이씨텍",12,"반도체 장비"
"2026-09-28","T012","반도체 장비","306620","지아이에스",12,"반도체 장비"
"2026-09-28","T012","반도체 장비","319660","피에스케이",12,"반도체 장비"
"2026-09-28","T012","반도체 장비","321260","프로이천",12,"반도체 장비"
"2026-09-28","T012","반도체 장비","322310","오로스테크놀로지",12,"반도체 장비"
"2026-09-28","T012","반도체 장비","323350","다원넥스뷰",12,"반도체 장비"
"2026-09-28","T012","반도체 장비","330860","네패스아크",12,"반도체 장비"
"2026-09-28","T012","반도체 장비","348210","넥스틴",12,"반도체 장비"
"2026-09-28","T012","반도체 장비","348350","위드텍",12,"반도체 장비"
"2026-09-28","T012","반도체 장비","382800","지앤비에스 에코",12,"반도체 장비"
"2026-09-28","T012","반도체 장비","396470","워트",12,"반도체 장비"
"2026-09-28","T012","반도체 장비","402490","그린리소스",12,"반도체 장비"
"2026-09-28","T012","반도체 장비","403870","HPSP",12,"반도체 장비"
"2026-09-28","T012","반도체 장비","412350","레이저쎌",12,"반도체 장비"
"2026-09-28","T012","반도체 장비","413630","씨피시스템",12,"반도체 장비"
"2026-09-28","T012","반도체 장비","417840","저스템",12,"반도체 장비"
"2026-09-28","T012","반도체 장비","420770","기가비스",12,"반도체 장비"
"2026-09-28","T012","반도체 장비","425420","티에프이",12,"반도체 장비"
"2026-09-28","T012","반도체 장비","451220","아이엠티",12,"반도체 장비"
"2026-09-28","T012","반도체 장비","452160","제이엔비",12,"반도체 장비"
"2026-09-28","T012","반도체 장비","469610","이노테크",12,"반도체 장비"
"2026-09-28","T012","반도체 장비","489790","한화비전",12,"반도체 장비"
"2026-09-28","T012","반도체 장비","950250","테라뷰",12,"반도체 장비"
"2026-09-28","T064","2차전지","0011A0","액스비스",64,"2차전지"
"2026-09-28","T064","2차전지","001390","KG케미칼",64,"2차전지"
"2026-09-28","T064","2차전지","001530","DI동일",64,"2차전지"
"2026-09-28","T064","2차전지","001780","알루코",64,"2차전지"
"2026-09-28","T064","2차전지","002710","TCC스틸",64,"2차전지"
"2026-09-28","T064","2차전지","003670","포스코퓨처엠",64,"2차전지"
"2026-09-28","T064","2차전지","004490","세방전지",64,"2차전지"
"2026-09-28","T064","2차전지","004910","조광페인트",64,"2차전지"
"2026-09-28","T064","2차전지","005070","코스모신소재",64,"2차전지"
"2026-09-28","T064","2차전지","005420","코스모화학",64,"2차전지"
"2026-09-28","T064","2차전지","005490","POSCO홀딩스",64,"2차전지"
"2026-09-28","T064","2차전지","006110","삼아알미늄",64,"2차전지"
"2026-09-28","T064","2차전지","006400","삼성SDI",64,"2차전지"
"2026-09-28","T064","2차전지","006650","대한유화",64,"2차전지"
"2026-09-28","T064","2차전지","008730","율촌화학",64,"2차전지"
"2026-09-28","T064","2차전지","010130","고려아연",64,"2차전지"
"2026-09-28","T064","2차전지","010580","에스엠벡셀",64,"2차전지"
"2026-09-28","T064","2차전지","011500","한농화성",64,"2차전지"
"2026-09-28","T064","2차전지","011790","SKC",64,"2차전지"
"2026-09-28","T064","2차전지","014680","한솔케미칼",64,"2차전지"
"2026-09-28","T064","2차전지","014820","동원시스템즈",64,"2차전지"
"2026-09-28","T064","2차전지","015750","성우하이텍",64,"2차전지"
"2026-09-28","T064","2차전지","017370","우신시스템",64,"2차전지"
"2026-09-28","T064","2차전지","018470","조일알미늄",64,"2차전지"
"2026-09-28","T064","2차전지","020150","롯데에너지머티리얼즈",64,"2차전지"
"2026-09-28","T064","2차전지","025900","동화기업",64,"2차전지"
"2026-09-28","T064","2차전지","029480","광무",64,"2차전지"
"2026-09-28","T064","2차전지","032560","황금에스티",64,"2차전지"
"2026-09-28","T064","2차전지","032680","소프트센",64,"2차전지"
"2026-09-28","T064","2차전지","033160","엠케이전자",64,"2차전지"
"2026-09-28","T064","2차전지","033790","피노",64,"2차전지"
"2026-09-28","T064","2차전지","036830","솔브레인홀딩스",64,"2차전지"
"2026-09-28","T064","2차전지","037030","파워넷",64,"2차전지"
"2026-09-28","T064","2차전지","042600","새로닉스",64,"2차전지"
"2026-09-28","T064","2차전지","047310","파워로직스",64,"2차전지"
"2026-09-28","T064","2차전지","049950","미래컴퍼니",64,"2차전지"
"2026-09-28","T064","2차전지","051490","나라엠앤디",64,"2차전지"
"2026-09-28","T064","2차전지","051910","LG화학",64,"2차전지"
"2026-09-28","T064","2차전지","053080","케이엔솔",64,"2차전지"
"2026-09-28","T064","2차전지","054090","삼진엘앤디",64,"2차전지"
"2026-09-28","T064","2차전지","054210","이랜텍",64,"2차전지"
"2026-09-28","T064","2차전지","055490","테이팩스",64,"2차전지"
"2026-09-28","T064","2차전지","056190","SFA",64,"2차전지"
"2026-09-28","T064","2차전지","059090","미코",64,"2차전지"
"2026-09-28","T064","2차전지","064290","인텍플러스",64,"2차전지"
"2026-09-28","T064","2차전지","065130","탑엔지니어링",64,"2차전지"
"2026-09-28","T064","2차전지","065350","신성델타테크",64,"2차전지"
"2026-09-28","T064","2차전지","066970","엘앤에프",64,"2차전지"
"2026-09-28","T064","2차전지","075970","동국알앤에스",64,"2차전지"
"2026-09-28","T064","2차전지","076080","웰크론한텍",64,"2차전지"
"2026-09-28","T064","2차전지","078150","HB테크놀러지",64,"2차전지"
"2026-09-28","T064","2차전지","078600","대주전자재료",64,"2차전지"
"2026-09-28","T064","2차전지","079810","APS이노베이션",64,"2차전지"
"2026-09-28","T064","2차전지","081180","쎄크",64,"2차전지"
"2026-09-28","T064","2차전지","083930","아바코",64,"2차전지"
"2026-09-28","T064","2차전지","084850","아이티엠반도체",64,"2차전지"
"2026-09-28","T064","2차전지","086520","에코프로",64,"2차전지"
"2026-09-28","T064","2차전지","088390","이녹스",64,"2차전지"
"2026-09-28","T064","2차전지","089890","코세스",64,"2차전지"
"2026-09-28","T064","2차전지","089980","상아프론테크",64,"2차전지"
"2026-09-28","T064","2차전지","090470","제이스로보틱스",64,"2차전지"
"2026-09-28","T064","2차전지","091580","상신이디피",64,"2차전지"
"2026-09-28","T064","2차전지","093370","후성",64,"2차전지"
"2026-09-28","T064","2차전지","093920","서원인텍",64,"2차전지"
"2026-09-28","T064","2차전지","096630","에스코넥",64,"2차전지"
"2026-09-28","T064","2차전지","096770","SK이노베이션",64,"2차전지"
"2026-09-28","T064","2차전지","101360","에코앤드림",64,"2차전지"
"2026-09-28","T064","2차전지","107600","새빗켐",64,"2차전지"
"2026-09-28","T064","2차전지","108230","톱텍",64,"2차전지"
"2026-09-28","T064","2차전지","109740","디에스케이",64,"2차전지"
"2026-09-28","T064","2차전지","110990","디아이티",64,"2차전지"
"2026-09-28","T064","2차전지","114190","강원에너지",64,"2차전지"
"2026-09-28","T064","2차전지","121600","나노신소재",64,"2차전지"
"2026-09-28","T064","2차전지","126730","코칩",64,"2차전지"
"2026-09-28","T064","2차전지","129920","대성하이텍",64,"2차전지"
"2026-09-28","T064","2차전지","131760","파인텍",64,"2차전지"
"2026-09-28","T064","2차전지","137400","피엔티",64,"2차전지"
"2026-09-28","T064","2차전지","148930","에이치와이티씨",64,"2차전지"
"2026-09-28","T064","2차전지","161000","애경케미칼",64,"2차전지"
"2026-09-28","T064","2차전지","161580","필옵틱스",64,"2차전지"
"2026-09-28","T064","2차전지","168360","펨트론",64,"2차전지"
"2026-09-28","T064","2차전지","178920","PI첨단소재",64,"2차전지"
"2026-09-28","T064","2차전지","217820","원익피앤이",64,"2차전지"
"2026-09-28","T064","2차전지","220260","켐트로스",64,"2차전지"
"2026-09-28","T064","2차전지","222080","SFA넥셀",64,"2차전지"
"2026-09-28","T064","2차전지","222420","쎄노텍",64,"2차전지"
"2026-09-28","T064","2차전지","240600","유진테크놀로지",64,"2차전지"
"2026-09-28","T064","2차전지","241790","티이엠씨씨엔에스",64,"2차전지"
"2026-09-28","T064","2차전지","243840","신흥에스이씨",64,"2차전지"
"2026-09-28","T064","2차전지","247540","에코프로비엠",64,"2차전지"
"2026-09-28","T064","2차전지","251630","브이원텍",64,"2차전지"
"2026-09-28","T064","2차전지","254120","자비스",64,"2차전지"
"2026-09-28","T064","2차전지","257370","피엔티엠에스",64,"2차전지"
"2026-09-28","T064","2차전지","259630","엠플러스",64,"2차전지"
"2026-09-28","T064","2차전지","262260","에이프로",64,"2차전지"
"2026-09-28","T064","2차전지","263770","유에스티",64,"2차전지"
"2026-09-28","T064","2차전지","265560","영화테크",64,"2차전지"
"2026-09-28","T064","2차전지","267320","나인테크",64,"2차전지"
"2026-09-28","T064","2차전지","277880","티에스아이",64,"2차전지"
"2026-09-28","T064","2차전지","278280","천보",64,"2차전지"
"2026-09-28","T064","2차전지","282880","코윈로보틱스",64,"2차전지"
"2026-09-28","T064","2차전지","290670","대보마그네틱",64,"2차전지"
"2026-09-28","T064","2차전지","294140","레몬",64,"2차전지"
"2026-09-28","T064","2차전지","299030","하나기술",64,"2차전지"
"2026-09-28","T064","2차전지","302430","이노메트리",64,"2차전지"
"2026-09-28","T064","2차전지","317330","덕산테코피아",64,"2차전지"
"2026-09-28","T064","2차전지","320000","한울반도체",64,"2차전지"
"2026-09-28","T064","2차전지","333620","엔시스",64,"2차전지"
"2026-09-28","T064","2차전지","336370","솔루스첨단소재",64,"2차전지"
"2026-09-28","T064","2차전지","348370","엔켐",64,"2차전지"
"2026-09-28","T064","2차전지","354320","알멕",64,"2차전지"
"2026-09-28","T064","2차전지","357780","솔브레인",64,"2차전지"
"2026-09-28","T064","2차전지","360070","탑머티리얼",64,"2차전지"
"2026-09-28","T064","2차전지","361610","SK아이이테크놀로지",64,"2차전지"
"2026-09-28","T064","2차전지","364950","에이아이코리아",64,"2차전지"
"2026-09-28","T064","2차전지","365340","성일하이텍",64,"2차전지"
"2026-09-28","T064","2차전지","372170","윤성에프앤씨",64,"2차전지"
"2026-09-28","T064","2차전지","373220","LG에너지솔루션",64,"2차전지"
"2026-09-28","T064","2차전지","378340","필에너지",64,"2차전지"
"2026-09-28","T064","2차전지","382480","지아이텍",64,"2차전지"
"2026-09-28","T064","2차전지","382840","원준",64,"2차전지"
"2026-09-28","T064","2차전지","393890","더블유씨피",64,"2차전지"
"2026-09-28","T064","2차전지","396300","HT로보틱스",64,"2차전지"
"2026-09-28","T064","2차전지","413390","엠오티",64,"2차전지"
"2026-09-28","T064","2차전지","416180","신성에스티",64,"2차전지"
"2026-09-28","T064","2차전지","417010","나노팀",64,"2차전지"
"2026-09-28","T064","2차전지","418550","제이오",64,"2차전지"
"2026-09-28","T064","2차전지","419050","삼기에너지솔루션즈",64,"2차전지"
"2026-09-28","T064","2차전지","432470","케이엔에스",64,"2차전지"
"2026-09-28","T064","2차전지","446540","메가터치",64,"2차전지"
"2026-09-28","T064","2차전지","450080","에코프로머티",64,"2차전지"
"2026-09-28","T064","2차전지","452190","한빛레이저",64,"2차전지"
"2026-09-28","T064","2차전지","452200","민테크",64,"2차전지"
"2026-09-28","T064","2차전지","452400","이닉스",64,"2차전지"
"2026-09-28","T064","2차전지","452450","피아이이",64,"2차전지"
"2026-09-28","T064","2차전지","455180","케이지에이",64,"2차전지"
"2026-09-28","T064","2차전지","457190","이수스페셜티케미컬",64,"2차전지"
"2026-09-28","T064","2차전지","458650","성우",64,"2차전지"
"2026-09-28","T064","2차전지","469750","아이비젼웍스",64,"2차전지"
"2026-09-28","T064","2차전지","475660","에스켐",64,"2차전지"
"2026-09-28","T064","2차전지","480370","씨케이솔루션",64,"2차전지"
"2026-09-28","T064","2차전지","493330","지에프아이",64,"2차전지"
"2026-09-28","T064","2차전지","900070","글로벌에스엠",64,"2차전지"
"2026-09-28","T144","방위산업","000270","기아",144,"방위산업/전쟁 및 테러"
"2026-09-28","T144","방위산업","000880","한화",144,"방위산업/전쟁 및 테러"
"2026-09-28","T144","방위산업","0015G0","그린광학",144,"방위산업/전쟁 및 테러"
"2026-09-28","T144","방위산업","003010","혜인",144,"방위산업/전쟁 및 테러"
"2026-09-28","T144","방위산업","003490","대한항공",144,"방위산업/전쟁 및 테러"
"2026-09-28","T144","방위산업","003570","SNT다이내믹스",144,"방위산업/전쟁 및 테러"
"2026-09-28","T144","방위산업","005810","풍산홀딩스",144,"방위산업/전쟁 및 테러"
"2026-09-28","T144","방위산업","005870","휴니드",144,"방위산업/전쟁 및 테러"
"2026-09-28","T144","방위산업","006050","국영지앤엠",144,"방위산업/전쟁 및 테러"
"2026-09-28","T144","방위산업","009540","HD한국조선해양",144,"방위산업/전쟁 및 테러"
"2026-09-28","T144","방위산업","010170","대한광통신",144,"방위산업/전쟁 및 테러"
"2026-09-28","T144","방위산업","010280","아이티센엔텍",144,"방위산업/전쟁 및 테러"
"2026-09-28","T144","방위산업","010820","퍼스텍",144,"방위산업/전쟁 및 테러"
"2026-09-28","T144","방위산업","011210","현대위아",144,"방위산업/전쟁 및 테러"
"2026-09-28","T144","방위산업","012210","삼미금속",144,"방위산업/전쟁 및 테러"
"2026-09-28","T144","방위산업","012450","한화에어로스페이스",144,"방위산업/전쟁 및 테러"
"2026-09-28","T144","방위산업","013810","스페코",144,"방위산업/전쟁 및 테러"
"2026-09-28","T144","방위산업","015710","코콤",144,"방위산업/전쟁 및 테러"
"2026-09-28","T144","방위산업","024740","한일단조",144,"방위산업/전쟁 및 테러"
"2026-09-28","T144","방위산업","032820","우리기술",144,"방위산업/전쟁 및 테러"
"2026-09-28","T144","방위산업","035460","기산텔레콤",144,"방위산업/전쟁 및 테러"
"2026-09-28","T144","방위산업","040300","YTN",144,"방위산업/전쟁 및 테러"
"2026-09-28","T144","방위산업","042370","비츠로테크",144,"방위산업/전쟁 및 테러"
"2026-09-28","T144","방위산업","042660","한화오션",144,"방위산업/전쟁 및 테러"
"2026-09-28","T144","방위산업","047810","한국항공우주",144,"방위산업/전쟁 및 테러"
"2026-09-28","T144","방위산업","064350","현대로템",144,"방위산업/전쟁 및 테러"
"2026-09-28","T144","방위산업","064960","SNT모티브",144,"방위산업/전쟁 및 테러"
"2026-09-28","T144","방위산업","065450","빅텍",144,"방위산업/전쟁 및 테러"
"2026-09-28","T144","방위산업","065950","웰크론",144,"방위산업/전쟁 및 테러"
"2026-09-28","T144","방위산업","077360","덕산하이메탈",144,"방위산업/전쟁 및 테러"
"2026-09-28","T144","방위산업","077970","STX엔진",144,"방위산업/전쟁 및 테러"
"2026-09-28","T144","방위산업","079550","LIG디펜스앤에어로스페이스",144,"방위산업/전쟁 및 테러"
"2026-09-28","T144","방위산업","081180","쎄크",144,"방위산업/전쟁 및 테러"
"2026-09-28","T144","방위산업","082920","비츠로셀",144,"방위산업/전쟁 및 테러"
"2026-09-28","T144","방위산업","084850","아이티엠반도체",144,"방위산업/전쟁 및 테러"
"2026-09-28","T144","방위산업","088800","에이스테크",144,"방위산업/전쟁 및 테러"
"2026-09-28","T144","방위산업","090080","평화산업",144,"방위산업/전쟁 및 테러"
"2026-09-28","T144","방위산업","095190","신화프리텍",144,"방위산업/전쟁 및 테러"
"2026-09-28","T144","방위산업","095270","웨이브일렉트로",144,"방위산업/전쟁 및 테러"
"2026-09-28","T144","방위산업","096630","에스코넥",144,"방위산업/전쟁 및 테러"
"2026-09-28","T144","방위산업","097230","HJ중공업",144,"방위산업/전쟁 및 테러"
"2026-09-28","T144","방위산업","099320","쎄트렉아이",144,"방위산업/전쟁 및 테러"
"2026-09-28","T144","방위산업","103140","풍산",144,"방위산업/전쟁 및 테러"
"2026-09-28","T144","방위산업","108380","대양전기공업",144,"방위산업/전쟁 및 테러"
"2026-09-28","T144","방위산업","119500","포메탈",144,"방위산업/전쟁 및 테러"
"2026-09-28","T144","방위산업","129920","대성하이텍",144,"방위산업/전쟁 및 테러"
"2026-09-28","T144","방위산업","140430","카티스",144,"방위산업/전쟁 및 테러"
"2026-09-28","T144","방위산업","214430","아이쓰리시스템",144,"방위산업/전쟁 및 테러"
"2026-09-28","T144","방위산업","215090","솔디펜스",144,"방위산업/전쟁 및 테러"
"2026-09-28","T144","방위산업","218410","RFHIC",144,"방위산업/전쟁 및 테러"
"2026-09-28","T144","방위산업","272210","한화시스템",144,"방위산업/전쟁 및 테러"
"2026-09-28","T144","방위산업","274090","켄코아에어로스페이스",144,"방위산업/전쟁 및 테러"
"2026-09-28","T144","방위산업","274400","이노시뮬레이션",144,"방위산업/전쟁 및 테러"
"2026-09-28","T144","방위산업","288180","케이피항공산업",144,"방위산업/전쟁 및 테러"
"2026-09-28","T144","방위산업","289930","웨이비스",144,"방위산업/전쟁 및 테러"
"2026-09-28","T144","방위산업","310870","디와이씨",144,"방위산업/전쟁 및 테러"
"2026-09-28","T144","방위산업","321370","센서뷰",144,"방위산업/전쟁 및 테러"
"2026-09-28","T144","방위산업","327260","RF머트리얼즈",144,"방위산업/전쟁 및 테러"
"2026-09-28","T144","방위산업","361390","제노코",144,"방위산업/전쟁 및 테러"
"2026-09-28","T144","방위산업","368770","파이버프로",144,"방위산업/전쟁 및 테러"
"2026-09-28","T144","방위산업","372910","한컴라이프케어",144,"방위산업/전쟁 및 테러"
"2026-09-28","T144","방위산업","377330","이지트로닉스",144,"방위산업/전쟁 및 테러"
"2026-09-28","T144","방위산업","417030","니어스랩",144,"방위산업/전쟁 및 테러"
"2026-09-28","T144","방위산업","437730","삼현",144,"방위산업/전쟁 및 테러"
"2026-09-28","T144","방위산업","448710","코츠테크놀로지",144,"방위산업/전쟁 및 테러"
"2026-09-28","T144","방위산업","474610","RF시스템즈",144,"방위산업/전쟁 및 테러"
"2026-09-28","T144","방위산업","484590","삼양컴텍",144,"방위산업/전쟁 및 테러"
"2026-09-28","T144","방위산업","484870","엠앤씨솔루션",144,"방위산업/전쟁 및 테러"
"2026-09-28","T144","방위산업","487400","케이앤에스아이앤씨",144,"방위산업/전쟁 및 테러"
"2026-09-28","T205","원자력발전","000720","현대건설",205,"원자력발전"
"2026-09-28","T205","원자력발전","001440","대한전선",205,"원자력발전"
"2026-09-28","T205","원자력발전","006360","GS건설",205,"원자력발전"
"2026-09-28","T205","원자력발전","006910","보성파워텍",205,"원자력발전"
"2026-09-28","T205","원자력발전","007460","에이프로젠",205,"원자력발전"
"2026-09-28","T205","원자력발전","010120","LS ELECTRIC",205,"원자력발전"
"2026-09-28","T205","원자력발전","011700","한신기계",205,"원자력발전"
"2026-09-28","T205","원자력발전","012210","삼미금속",205,"원자력발전"
"2026-09-28","T205","원자력발전","013030","하이록코리아",205,"원자력발전"
"2026-09-28","T205","원자력발전","014620","성광벤드",205,"원자력발전"
"2026-09-28","T205","원자력발전","015760","한국전력",205,"원자력발전"
"2026-09-28","T205","원자력발전","019990","에너토크",205,"원자력발전"
"2026-09-28","T205","원자력발전","023160","태광",205,"원자력발전"
"2026-09-28","T205","원자력발전","032820","우리기술",205,"원자력발전"
"2026-09-28","T205","원자력발전","034020","두산에너빌리티",205,"원자력발전"
"2026-09-28","T205","원자력발전","036190","금화피에스시",205,"원자력발전"
"2026-09-28","T205","원자력발전","036640","HRS",205,"원자력발전"
"2026-09-28","T205","원자력발전","038010","제일테크노스",205,"원자력발전"
"2026-09-28","T205","원자력발전","040610","SG&G",205,"원자력발전"
"2026-09-28","T205","원자력발전","044490","태웅",205,"원자력발전"
"2026-09-28","T205","원자력발전","045100","한양이엔지",205,"원자력발전"
"2026-09-28","T205","원자력발전","046120","오르비텍",205,"원자력발전"
"2026-09-28","T205","원자력발전","047040","대우건설",205,"원자력발전"
"2026-09-28","T205","원자력발전","051600","한전KPS",205,"원자력발전"
"2026-09-28","T205","원자력발전","052690","한전기술",205,"원자력발전"
"2026-09-28","T205","원자력발전","053690","한미글로벌",205,"원자력발전"
"2026-09-28","T205","원자력발전","054540","삼영엠텍",205,"원자력발전"
"2026-09-28","T205","원자력발전","081150","티플랙스",205,"원자력발전"
"2026-09-28","T205","원자력발전","083650","비에이치아이",205,"원자력발전"
"2026-09-28","T205","원자력발전","086670","비엠티",205,"원자력발전"
"2026-09-28","T205","원자력발전","094820","일진파워",205,"원자력발전"
"2026-09-28","T205","원자력발전","095190","신화프리텍",205,"원자력발전"
"2026-09-28","T205","원자력발전","096350","대창솔루션",205,"원자력발전"
"2026-09-28","T205","원자력발전","098070","한텍",205,"원자력발전"
"2026-09-28","T205","원자력발전","100840","SNT에너지",205,"원자력발전"
"2026-09-28","T205","원자력발전","103230","에스앤더블류",205,"원자력발전"
"2026-09-28","T205","원자력발전","105740","디케이락",205,"원자력발전"
"2026-09-28","T205","원자력발전","105840","우진",205,"원자력발전"
"2026-09-28","T205","원자력발전","114190","강원에너지",205,"원자력발전"
"2026-09-28","T205","원자력발전","126720","수산인더스트리",205,"원자력발전"
"2026-09-28","T205","원자력발전","130660","한전산업",205,"원자력발전"
"2026-09-28","T205","원자력발전","136150","원일티엔아이",205,"원자력발전"
"2026-09-28","T205","원자력발전","140520","대창스틸",205,"원자력발전"
"2026-09-28","T205","원자력발전","187220","디티앤씨",205,"원자력발전"
"2026-09-28","T205","원자력발전","189860","서전기전",205,"원자력발전"
"2026-09-28","T205","원자력발전","282720","금양그린파워",205,"원자력발전"
"2026-09-28","T205","원자력발전","298040","효성중공업",205,"원자력발전"
"2026-09-28","T205","원자력발전","375500","DL이앤씨",205,"원자력발전"
"2026-09-28","T205","원자력발전","388050","지투파워",205,"원자력발전"
"2026-09-28","T205","원자력발전","457550","우진엔텍",205,"원자력발전"
"2026-09-28","T123","전력설비","000500","가온전선",123,"전력설비"
"2026-09-28","T123","전력설비","001440","대한전선",123,"전력설비"
"2026-09-28","T123","전력설비","006260","LS",123,"전력설비"
"2026-09-28","T123","전력설비","006340","대원전선",123,"전력설비"
"2026-09-28","T123","전력설비","006910","보성파워텍",123,"전력설비"
"2026-09-28","T123","전력설비","007610","선도전기",123,"전력설비"
"2026-09-28","T123","전력설비","010120","LS ELECTRIC",123,"전력설비"
"2026-09-28","T123","전력설비","015760","한국전력",123,"전력설비"
"2026-09-28","T123","전력설비","017510","세명전기",123,"전력설비"
"2026-09-28","T123","전력설비","024840","KBI메탈",123,"전력설비"
"2026-09-28","T123","전력설비","033100","제룡전기",123,"전력설비"
"2026-09-28","T123","전력설비","034020","두산에너빌리티",123,"전력설비"
"2026-09-28","T123","전력설비","036190","금화피에스시",123,"전력설비"
"2026-09-28","T123","전력설비","038460","바이오스마트",123,"전력설비"
"2026-09-28","T123","전력설비","042370","비츠로테크",123,"전력설비"
"2026-09-28","T123","전력설비","051600","한전KPS",123,"전력설비"
"2026-09-28","T123","전력설비","054220","비츠로시스",123,"전력설비"
"2026-09-28","T123","전력설비","060370","LS마린솔루션",123,"전력설비"
"2026-09-28","T123","전력설비","062040","산일전기",123,"전력설비"
"2026-09-28","T123","전력설비","096690","에이루트",123,"전력설비"
"2026-09-28","T123","전력설비","103590","일진전기",123,"전력설비"
"2026-09-28","T123","전력설비","119850","지엔씨에너지",123,"전력설비"
"2026-09-28","T123","전력설비","125020","티씨머티리얼즈",123,"전력설비"
"2026-09-28","T123","전력설비","130660","한전산업",123,"전력설비"
"2026-09-28","T123","전력설비","147830","제룡산업",123,"전력설비"
"2026-09-28","T123","전력설비","189860","서전기전",123,"전력설비"
"2026-09-28","T123","전력설비","199820","제일일렉트릭",123,"전력설비"
"2026-09-28","T123","전력설비","229640","LS에코에너지",123,"전력설비"
"2026-09-28","T123","전력설비","237750","피앤씨테크",123,"전력설비"
"2026-09-28","T123","전력설비","267260","HD현대일렉트릭",123,"전력설비"
"2026-09-28","T123","전력설비","294630","서남",123,"전력설비"
"2026-09-28","T123","전력설비","298040","효성중공업",123,"전력설비"
"2026-09-28","T123","전력설비","388050","지투파워",123,"전력설비"
"2026-09-28","T123","전력설비","479960","위너스일렉",123,"전력설비"
"2026-09-28","T094","조선기자재","0008Z0","에스엔시스",94,"조선기자재"
"2026-09-28","T094","조선기자재","012210","삼미금속",94,"조선기자재"
"2026-09-28","T094","조선기자재","013030","하이록코리아",94,"조선기자재"
"2026-09-28","T094","조선기자재","014620","성광벤드",94,"조선기자재"
"2026-09-28","T094","조선기자재","014940","오리엔탈정공",94,"조선기자재"
"2026-09-28","T094","조선기자재","017960","한국카본",94,"조선기자재"
"2026-09-28","T094","조선기자재","023160","태광",94,"조선기자재"
"2026-09-28","T094","조선기자재","033500","동성화인텍",94,"조선기자재"
"2026-09-28","T094","조선기자재","038010","제일테크노스",94,"조선기자재"
"2026-09-28","T094","조선기자재","044490","태웅",94,"조선기자재"
"2026-09-28","T094","조선기자재","054540","삼영엠텍",94,"조선기자재"
"2026-09-28","T094","조선기자재","064820","케이프",94,"조선기자재"
"2026-09-28","T094","조선기자재","071970","HD현대마린엔진",94,"조선기자재"
"2026-09-28","T094","조선기자재","073010","케이에스피",94,"조선기자재"
"2026-09-28","T094","조선기자재","075580","세진중공업",94,"조선기자재"
"2026-09-28","T094","조선기자재","077970","STX엔진",94,"조선기자재"
"2026-09-28","T094","조선기자재","082740","한화엔진",94,"조선기자재"
"2026-09-28","T094","조선기자재","085310","엔케이",94,"조선기자재"
"2026-09-28","T094","조선기자재","086670","비엠티",94,"조선기자재"
"2026-09-28","T094","조선기자재","092460","한라IMS",94,"조선기자재"
"2026-09-28","T094","조선기자재","096350","대창솔루션",94,"조선기자재"
"2026-09-28","T094","조선기자재","099410","동방선기",94,"조선기자재"
"2026-09-28","T094","조선기자재","100090","SK오션플랜트",94,"조선기자재"
"2026-09-28","T094","조선기자재","101000","KS인더스트리",94,"조선기자재"
"2026-09-28","T094","조선기자재","101930","인화정공",94,"조선기자재"
"2026-09-28","T094","조선기자재","103230","에스앤더블류",94,"조선기자재"
"2026-09-28","T094","조선기자재","108380","대양전기공업",94,"조선기자재"
"2026-09-28","T094","조선기자재","120030","조선선재",94,"조선기자재"
"2026-09-28","T094","조선기자재","133820","화인베스틸",94,"조선기자재"
"2026-09-28","T094","조선기자재","217590","티엠씨",94,"조선기자재"
"2026-09-28","T094","조선기자재","333430","일승",94,"조선기자재"
"2026-09-28","T094","조선기자재","355690","에이텀",94,"조선기자재"
"2026-09-28","T094","조선기자재","382900","범한퓨얼셀",94,"조선기자재"
"2026-09-28","T094","조선기자재","413630","씨피시스템",94,"조선기자재"
"2026-09-28","T094","조선기자재","443060","HD현대마린솔루션",94,"조선기자재"
"2026-09-28","T094","조선기자재","460930","현대힘스",94,"조선기자재"
"2026-09-28","T094","조선기자재","474170","루미르",94,"조선기자재"
"2026-09-28","T200","우주항공","000880","한화",200,"우주항공산업(누리호/인공위성 등)"
"2026-09-28","T200","우주항공","001430","세아베스틸지주",200,"우주항공산업(누리호/인공위성 등)"
"2026-09-28","T200","우주항공","0015G0","그린광학",200,"우주항공산업(누리호/인공위성 등)"
"2026-09-28","T200","우주항공","003490","대한항공",200,"우주항공산업(누리호/인공위성 등)"
"2026-09-28","T200","우주항공","007660","이수페타시스",200,"우주항공산업(누리호/인공위성 등)"
"2026-09-28","T200","우주항공","010820","퍼스텍",200,"우주항공산업(누리호/인공위성 등)"
"2026-09-28","T200","우주항공","012450","한화에어로스페이스",200,"우주항공산업(누리호/인공위성 등)"
"2026-09-28","T200","우주항공","030520","한컴",200,"우주항공산업(누리호/인공위성 등)"
"2026-09-28","T200","우주항공","042370","비츠로테크",200,"우주항공산업(누리호/인공위성 등)"
"2026-09-28","T200","우주항공","044490","태웅",200,"우주항공산업(누리호/인공위성 등)"
"2026-09-28","T200","우주항공","045100","한양이엔지",200,"우주항공산업(누리호/인공위성 등)"
"2026-09-28","T200","우주항공","047810","한국항공우주",200,"우주항공산업(누리호/인공위성 등)"
"2026-09-28","T200","우주항공","056190","SFA",200,"우주항공산업(누리호/인공위성 등)"
"2026-09-28","T200","우주항공","064350","현대로템",200,"우주항공산업(누리호/인공위성 등)"
"2026-09-28","T200","우주항공","077360","덕산하이메탈",200,"우주항공산업(누리호/인공위성 등)"
"2026-09-28","T200","우주항공","079550","LIG디펜스앤에어로스페이스",200,"우주항공산업(누리호/인공위성 등)"
"2026-09-28","T200","우주항공","089980","상아프론테크",200,"우주항공산업(누리호/인공위성 등)"
"2026-09-28","T200","우주항공","099320","쎄트렉아이",200,"우주항공산업(누리호/인공위성 등)"
"2026-09-28","T200","우주항공","189300","인텔리안테크",200,"우주항공산업(누리호/인공위성 등)"
"2026-09-28","T200","우주항공","211270","AP위성",200,"우주항공산업(누리호/인공위성 등)"
"2026-09-28","T200","우주항공","225190","LK삼양",200,"우주항공산업(누리호/인공위성 등)"
"2026-09-28","T200","우주항공","272210","한화시스템",200,"우주항공산업(누리호/인공위성 등)"
"2026-09-28","T200","우주항공","272290","이녹스첨단소재",200,"우주항공산업(누리호/인공위성 등)"
"2026-09-28","T200","우주항공","274090","켄코아에어로스페이스",200,"우주항공산업(누리호/인공위성 등)"
"2026-09-28","T200","우주항공","288180","케이피항공산업",200,"우주항공산업(누리호/인공위성 등)"
"2026-09-28","T200","우주항공","294630","서남",200,"우주항공산업(누리호/인공위성 등)"
"2026-09-28","T200","우주항공","295310","에이치브이엠",200,"우주항공산업(누리호/인공위성 등)"
"2026-09-28","T200","우주항공","321370","센서뷰",200,"우주항공산업(누리호/인공위성 등)"
"2026-09-28","T200","우주항공","347700","스피어",200,"우주항공산업(누리호/인공위성 등)"
"2026-09-28","T200","우주항공","354320","알멕",200,"우주항공산업(누리호/인공위성 등)"
"2026-09-28","T200","우주항공","361390","제노코",200,"우주항공산업(누리호/인공위성 등)"
"2026-09-28","T200","우주항공","368770","파이버프로",200,"우주항공산업(누리호/인공위성 등)"
"2026-09-28","T200","우주항공","451760","컨텍",200,"우주항공산업(누리호/인공위성 등)"
"2026-09-28","T200","우주항공","462350","이노스페이스",200,"우주항공산업(누리호/인공위성 등)"
"2026-09-28","T200","우주항공","474170","루미르",200,"우주항공산업(누리호/인공위성 등)"
"2026-09-28","T200","우주항공","478340","나라스페이스테크놀로지",200,"우주항공산업(누리호/인공위성 등)"
"2026-09-28","T200","우주항공","487400","케이앤에스아이앤씨",200,"우주항공산업(누리호/인공위성 등)"
"2026-09-28","T200","우주항공","488900","비츠로넥스텍",200,"우주항공산업(누리호/인공위성 등)"
"2026-09-28","T505","로봇","000150","두산",505,"로봇(산업용/협동로봇 등)"
"2026-09-28","T505","로봇","000490","대동",505,"로봇(산업용/협동로봇 등)"
"2026-09-28","T505","로봇","004380","삼익THK",505,"로봇(산업용/협동로봇 등)"
"2026-09-28","T505","로봇","005850","에스엘",505,"로봇(산업용/협동로봇 등)"
"2026-09-28","T505","로봇","006140","피제이전자",505,"로봇(산업용/협동로봇 등)"
"2026-09-28","T505","로봇","008830","대동기어",505,"로봇(산업용/협동로봇 등)"
"2026-09-28","T505","로봇","010820","퍼스텍",505,"로봇(산업용/협동로봇 등)"
"2026-09-28","T505","로봇","011690","와이투솔루션",505,"로봇(산업용/협동로봇 등)"
"2026-09-28","T505","로봇","012200","계양전기",505,"로봇(산업용/협동로봇 등)"
"2026-09-28","T505","로봇","024880","케이피에프",505,"로봇(산업용/협동로봇 등)"
"2026-09-28","T505","로봇","030530","원익홀딩스",505,"로봇(산업용/협동로봇 등)"
"2026-09-28","T505","로봇","033530","SJG세종",505,"로봇(산업용/협동로봇 등)"
"2026-09-28","T505","로봇","048770","TPC로보틱스",505,"로봇(산업용/협동로봇 등)"
"2026-09-28","T505","로봇","049070","인탑스",505,"로봇(산업용/협동로봇 등)"
"2026-09-28","T505","로봇","056080","유진로봇",505,"로봇(산업용/협동로봇 등)"
"2026-09-28","T505","로봇","058610","에스피지",505,"로봇(산업용/협동로봇 등)"
"2026-09-28","T505","로봇","059120","아진엑스텍",505,"로봇(산업용/협동로봇 등)"
"2026-09-28","T505","로봇","059270","해성에어로보틱스",505,"로봇(산업용/협동로봇 등)"
"2026-09-28","T505","로봇","060720","KH바텍",505,"로봇(산업용/협동로봇 등)"
"2026-09-28","T505","로봇","065350","신성델타테크",505,"로봇(산업용/협동로봇 등)"
"2026-09-28","T505","로봇","066430","아이로보틱스",505,"로봇(산업용/협동로봇 등)"
"2026-09-28","T505","로봇","079370","제우스",505,"로봇(산업용/협동로봇 등)"
"2026-09-28","T505","로봇","079550","LIG디펜스앤에어로스페이스",505,"로봇(산업용/협동로봇 등)"
"2026-09-28","T505","로봇","084850","아이티엠반도체",505,"로봇(산업용/협동로봇 등)"
"2026-09-28","T505","로봇","090360","로보스타",505,"로봇(산업용/협동로봇 등)"
"2026-09-28","T505","로봇","090710","휴림로봇",505,"로봇(산업용/협동로봇 등)"
"2026-09-28","T505","로봇","092200","디아이씨",505,"로봇(산업용/협동로봇 등)"
"2026-09-28","T505","로봇","093640","케이알엠",505,"로봇(산업용/협동로봇 등)"
"2026-09-28","T505","로봇","094940","푸른로보틱스",505,"로봇(산업용/협동로봇 등)"
"2026-09-28","T505","로봇","099440","스맥",505,"로봇(산업용/협동로봇 등)"
"2026-09-28","T505","로봇","100660","서암기계공업",505,"로봇(산업용/협동로봇 등)"
"2026-09-28","T505","로봇","101170","우림피티에스",505,"로봇(산업용/협동로봇 등)"
"2026-09-28","T505","로봇","108490","로보티즈",505,"로봇(산업용/협동로봇 등)"
"2026-09-28","T505","로봇","117730","티로보틱스",505,"로봇(산업용/협동로봇 등)"
"2026-09-28","T505","로봇","119500","포메탈",505,"로봇(산업용/협동로봇 등)"
"2026-09-28","T505","로봇","125490","한라캐스트",505,"로봇(산업용/협동로봇 등)"
"2026-09-28","T505","로봇","130740","티피씨글로벌",505,"로봇(산업용/협동로봇 등)"
"2026-09-28","T505","로봇","138360","앤로보틱스",505,"로봇(산업용/협동로봇 등)"
"2026-09-28","T505","로봇","140670","알에스오토메이션",505,"로봇(산업용/협동로봇 등)"
"2026-09-28","T505","로봇","153890","져스텍",505,"로봇(산업용/협동로봇 등)"
"2026-09-28","T505","로봇","160190","하이젠알앤엠",505,"로봇(산업용/협동로봇 등)"
"2026-09-28","T505","로봇","160980","싸이맥스",505,"로봇(산업용/협동로봇 등)"
"2026-09-28","T505","로봇","190510","나무가",505,"로봇(산업용/협동로봇 등)"
"2026-09-28","T505","로봇","192410","오늘이엔엠",505,"로봇(산업용/협동로봇 등)"
"2026-09-28","T505","로봇","199430","케이엔알시스템",505,"로봇(산업용/협동로봇 등)"
"2026-09-28","T505","로봇","204320","HL만도",505,"로봇(산업용/협동로봇 등)"
"2026-09-28","T505","로봇","206400","베노티앤알",505,"로봇(산업용/협동로봇 등)"
"2026-09-28","T505","로봇","217500","러셀",505,"로봇(산업용/협동로봇 등)"
"2026-09-28","T505","로봇","232680","라온로보틱스",505,"로봇(산업용/협동로봇 등)"
"2026-09-28","T505","로봇","251630","브이원텍",505,"로봇(산업용/협동로봇 등)"
"2026-09-28","T505","로봇","264850","이랜시스",505,"로봇(산업용/협동로봇 등)"
"2026-09-28","T505","로봇","270660","에브리봇",505,"로봇(산업용/협동로봇 등)"
"2026-09-28","T505","로봇","277810","레인보우로보틱스",505,"로봇(산업용/협동로봇 등)"
"2026-09-28","T505","로봇","282880","코윈로보틱스",505,"로봇(산업용/협동로봇 등)"
"2026-09-28","T505","로봇","307180","아이엘",505,"로봇(산업용/협동로봇 등)"
"2026-09-28","T505","로봇","317830","에스피시스템스",505,"로봇(산업용/협동로봇 등)"
"2026-09-28","T505","로봇","319400","현대무벡스",505,"로봇(산업용/협동로봇 등)"
"2026-09-28","T505","로봇","322180","LS티라유텍",505,"로봇(산업용/협동로봇 등)"
"2026-09-28","T505","로봇","348340","뉴로메카",505,"로봇(산업용/협동로봇 등)"
"2026-09-28","T505","로봇","368600","아이씨에이치",505,"로봇(산업용/협동로봇 등)"
"2026-09-28","T505","로봇","388720","유일로보틱스",505,"로봇(산업용/협동로봇 등)"
"2026-09-28","T505","로봇","389500","에스비비테크",505,"로봇(산업용/협동로봇 등)"
"2026-09-28","T505","로봇","391710","코닉오토메이션",505,"로봇(산업용/협동로봇 등)"
"2026-09-28","T505","로봇","413630","씨피시스템",505,"로봇(산업용/협동로봇 등)"
"2026-09-28","T505","로봇","437730","삼현",505,"로봇(산업용/협동로봇 등)"
"2026-09-28","T505","로봇","439960","코스모로보틱스",505,"로봇(산업용/협동로봇 등)"
"2026-09-28","T505","로봇","448900","한국피아이엠",505,"로봇(산업용/협동로봇 등)"
"2026-09-28","T505","로봇","454910","두산로보틱스",505,"로봇(산업용/협동로봇 등)"
"2026-09-28","T505","로봇","455900","엔젤로보틱스",505,"로봇(산업용/협동로봇 등)"
"2026-09-28","T505","로봇","459510","나우로보틱스",505,"로봇(산업용/협동로봇 등)"
"2026-09-28","T505","로봇","466100","클로봇",505,"로봇(산업용/협동로봇 등)"
"2026-09-28","T505","로봇","474650","링크솔루션",505,"로봇(산업용/협동로봇 등)"
"2026-09-28","T505","로봇","484810","티엑스알로보틱스",505,"로봇(산업용/협동로봇 등)"
"2026-09-28","T386","수소에너지","0001A0","덕양에너젠",386,"수소에너지(수소차/연료전지 등)"
"2026-09-28","T386","수소에너지","000270","기아",386,"수소에너지(수소차/연료전지 등)"
"2026-09-28","T386","수소에너지","000430","대원강업",386,"수소에너지(수소차/연료전지 등)"
"2026-09-28","T386","수소에너지","004020","현대제철",386,"수소에너지(수소차/연료전지 등)"
"2026-09-28","T386","수소에너지","005380","현대차",386,"수소에너지(수소차/연료전지 등)"
"2026-09-28","T386","수소에너지","009320","아진전자부품",386,"수소에너지(수소차/연료전지 등)"
"2026-09-28","T386","수소에너지","009680","모토닉",386,"수소에너지(수소차/연료전지 등)"
"2026-09-28","T386","수소에너지","009830","한화솔루션",386,"수소에너지(수소차/연료전지 등)"
"2026-09-28","T386","수소에너지","010120","LS ELECTRIC",386,"수소에너지(수소차/연료전지 등)"
"2026-09-28","T386","수소에너지","010770","평화홀딩스",386,"수소에너지(수소차/연료전지 등)"
"2026-09-28","T386","수소에너지","011230","삼화전자",386,"수소에너지(수소차/연료전지 등)"
"2026-09-28","T386","수소에너지","011320","유니크",386,"수소에너지(수소차/연료전지 등)"
"2026-09-28","T386","수소에너지","012340","뉴인텍",386,"수소에너지(수소차/연료전지 등)"
"2026-09-28","T386","수소에너지","013310","아진산업",386,"수소에너지(수소차/연료전지 등)"
"2026-09-28","T386","수소에너지","013570","디와이",386,"수소에너지(수소차/연료전지 등)"
"2026-09-28","T386","수소에너지","013870","지엠비코리아",386,"수소에너지(수소차/연료전지 등)"
"2026-09-28","T386","수소에너지","018880","한온시스템",386,"수소에너지(수소차/연료전지 등)"
"2026-09-28","T386","수소에너지","019180","티에이치엔",386,"수소에너지(수소차/연료전지 등)"
"2026-09-28","T386","수소에너지","019540","일지테크",386,"수소에너지(수소차/연료전지 등)"
"2026-09-28","T386","수소에너지","023800","인지컨트롤스",386,"수소에너지(수소차/연료전지 등)"
"2026-09-28","T386","수소에너지","023900","풍국주정",386,"수소에너지(수소차/연료전지 등)"
"2026-09-28","T386","수소에너지","025320","시노펙스",386,"수소에너지(수소차/연료전지 등)"
"2026-09-28","T386","수소에너지","033290","로젠",386,"수소에너지(수소차/연료전지 등)"
"2026-09-28","T386","수소에너지","033530","SJG세종",386,"수소에너지(수소차/연료전지 등)"
"2026-09-28","T386","수소에너지","034730","SK",386,"수소에너지(수소차/연료전지 등)"
"2026-09-28","T386","수소에너지","036890","진성티이씨",386,"수소에너지(수소차/연료전지 등)"
"2026-09-28","T386","수소에너지","037370","EG",386,"수소에너지(수소차/연료전지 등)"
"2026-09-28","T386","수소에너지","038870","에코심플렉스",386,"수소에너지(수소차/연료전지 등)"
"2026-09-28","T386","수소에너지","038880","아이에이",386,"수소에너지(수소차/연료전지 등)"
"2026-09-28","T386","수소에너지","041930","SY동아",386,"수소에너지(수소차/연료전지 등)"
"2026-09-28","T386","수소에너지","053700","삼보모터스",386,"수소에너지(수소차/연료전지 등)"
"2026-09-28","T386","수소에너지","056190","SFA",386,"수소에너지(수소차/연료전지 등)"
"2026-09-28","T386","수소에너지","059090","미코",386,"수소에너지(수소차/연료전지 등)"
"2026-09-28","T386","수소에너지","064350","현대로템",386,"수소에너지(수소차/연료전지 등)"
"2026-09-28","T386","수소에너지","064960","SNT모티브",386,"수소에너지(수소차/연료전지 등)"
"2026-09-28","T386","수소에너지","066590","스모트로닉",386,"수소에너지(수소차/연료전지 등)"
"2026-09-28","T386","수소에너지","078130","국일제지",386,"수소에너지(수소차/연료전지 등)"
"2026-09-28","T386","수소에너지","080470","성창오토텍",386,"수소에너지(수소차/연료전지 등)"
"2026-09-28","T386","수소에너지","081000","일진다이아",386,"수소에너지(수소차/연료전지 등)"
"2026-09-28","T386","수소에너지","085310","엔케이",386,"수소에너지(수소차/연료전지 등)"
"2026-09-28","T386","수소에너지","086670","비엠티",386,"수소에너지(수소차/연료전지 등)"
"2026-09-28","T386","수소에너지","089980","상아프론테크",386,"수소에너지(수소차/연료전지 등)"
"2026-09-28","T386","수소에너지","090080","평화산업",386,"수소에너지(수소차/연료전지 등)"
"2026-09-28","T386","수소에너지","092780","DYP",386,"수소에너지(수소차/연료전지 등)"
"2026-09-28","T386","수소에너지","095910","에스에너지",386,"수소에너지(수소차/연료전지 등)"
"2026-09-28","T386","수소에너지","096350","대창솔루션",386,"수소에너지(수소차/연료전지 등)"
"2026-09-28","T386","수소에너지","096630","에스코넥",386,"수소에너지(수소차/연료전지 등)"
"2026-09-28","T386","수소에너지","104830","원익머트리얼즈",386,"수소에너지(수소차/연료전지 등)"
"2026-09-28","T386","수소에너지","105740","디케이락",386,"수소에너지(수소차/연료전지 등)"
"2026-09-28","T386","수소에너지","110990","디아이티",386,"수소에너지(수소차/연료전지 등)"
"2026-09-28","T386","수소에너지","120110","코오롱인더",386,"수소에너지(수소차/연료전지 등)"
"2026-09-28","T386","수소에너지","122350","삼기",386,"수소에너지(수소차/연료전지 등)"
"2026-09-28","T386","수소에너지","126340","비나텍",386,"수소에너지(수소차/연료전지 등)"
"2026-09-28","T386","수소에너지","126880","제이엔케이글로벌",386,"수소에너지(수소차/연료전지 등)"
"2026-09-28","T386","수소에너지","136150","원일티엔아이",386,"수소에너지(수소차/연료전지 등)"
"2026-09-28","T386","수소에너지","145990","삼양사",386,"수소에너지(수소차/연료전지 등)"
"2026-09-28","T386","수소에너지","170920","엘티씨",386,"수소에너지(수소차/연료전지 등)"
"2026-09-28","T386","수소에너지","212710","아이에스티이",386,"수소에너지(수소차/연료전지 등)"
"2026-09-28","T386","수소에너지","215360","우리산업",386,"수소에너지(수소차/연료전지 등)"
"2026-09-28","T386","수소에너지","234100","폴라리스세원",386,"수소에너지(수소차/연료전지 등)"
"2026-09-28","T386","수소에너지","265560","영화테크",386,"수소에너지(수소차/연료전지 등)"
"2026-09-28","T386","수소에너지","271940","일진하이솔루스",386,"수소에너지(수소차/연료전지 등)"
"2026-09-28","T386","수소에너지","288620","에스프리즘",386,"수소에너지(수소차/연료전지 등)"
"2026-09-28","T386","수소에너지","290520","신도기연",386,"수소에너지(수소차/연료전지 등)"
"2026-09-28","T386","수소에너지","298000","효성화학",386,"수소에너지(수소차/연료전지 등)"
"2026-09-28","T386","수소에너지","298040","효성중공업",386,"수소에너지(수소차/연료전지 등)"
"2026-09-28","T386","수소에너지","298050","HS효성첨단소재",386,"수소에너지(수소차/연료전지 등)"
"2026-09-28","T386","수소에너지","336260","두산퓨얼셀",386,"수소에너지(수소차/연료전지 등)"
"2026-09-28","T386","수소에너지","361670","삼영에스앤씨",386,"수소에너지(수소차/연료전지 등)"
"2026-09-28","T386","수소에너지","377330","이지트로닉스",386,"수소에너지(수소차/연료전지 등)"
"2026-09-28","T386","수소에너지","382480","지아이텍",386,"수소에너지(수소차/연료전지 등)"
"2026-09-28","T386","수소에너지","382900","범한퓨얼셀",386,"수소에너지(수소차/연료전지 등)"
"2026-09-28","T110","화장품","0010S0","와이즈플래닛컴퍼니",110,"화장품"
"2026-09-28","T110","화장품","0015N0","아로마티카",110,"화장품"
"2026-09-28","T110","화장품","002210","동성제약",110,"화장품"
"2026-09-28","T110","화장품","002720","국제약품",110,"화장품"
"2026-09-28","T110","화장품","002790","아모레퍼시픽홀딩스",110,"화장품"
"2026-09-28","T110","화장품","002840","미원상사",110,"화장품"
"2026-09-28","T110","화장품","003350","한국화장품제조",110,"화장품"
"2026-09-28","T110","화장품","003580","HLB글로벌",110,"화장품"
"2026-09-28","T110","화장품","005690","파미셀",110,"화장품"
"2026-09-28","T110","화장품","006490","프리티",110,"화장품"
"2026-09-28","T110","화장품","006620","동구바이오제약",110,"화장품"
"2026-09-28","T110","화장품","007390","네이처셀",110,"화장품"
"2026-09-28","T110","화장품","016100","리더스코스메틱",110,"화장품"
"2026-09-28","T110","화장품","018250","애경산업",110,"화장품"
"2026-09-28","T110","화장품","018290","브이티",110,"화장품"
"2026-09-28","T110","화장품","018700","졸스",110,"화장품"
"2026-09-28","T110","화장품","019660","글로본",110,"화장품"
"2026-09-28","T110","화장품","021240","코웨이",110,"화장품"
"2026-09-28","T110","화장품","024720","콜마홀딩스",110,"화장품"
"2026-09-28","T110","화장품","025620","차AI헬스케어",110,"화장품"
"2026-09-28","T110","화장품","027050","코리아나",110,"화장품"
"2026-09-28","T110","화장품","031430","신세계인터내셔날",110,"화장품"
"2026-09-28","T110","화장품","032860","더라미",110,"화장품"
"2026-09-28","T110","화장품","048410","현대바이오",110,"화장품"
"2026-09-28","T110","화장품","049830","승일",110,"화장품"
"2026-09-28","T110","화장품","051900","LG생활건강",110,"화장품"
"2026-09-28","T110","화장품","052260","현대바이오랜드",110,"화장품"
"2026-09-28","T110","화장품","053980","오상자이엘",110,"화장품"
"2026-09-28","T110","화장품","078140","대봉엘에스",110,"화장품"
"2026-09-28","T110","화장품","078520","에이블씨엔씨",110,"화장품"
"2026-09-28","T110","화장품","080530","코디",110,"화장품"
"2026-09-28","T110","화장품","083660","CSA 코스믹",110,"화장품"
"2026-09-28","T110","화장품","086710","선진뷰티사이언스",110,"화장품"
"2026-09-28","T110","화장품","090370","메타랩스",110,"화장품"
"2026-09-28","T110","화장품","090430","아모레퍼시픽",110,"화장품"
"2026-09-28","T110","화장품","092730","네오팜",110,"화장품"
"2026-09-28","T110","화장품","101240","씨큐브",110,"화장품"
"2026-09-28","T110","화장품","114840","아이패밀리에스씨",110,"화장품"
"2026-09-28","T110","화장품","123330","제닉",110,"화장품"
"2026-09-28","T110","화장품","123690","한국화장품",110,"화장품"
"2026-09-28","T110","화장품","137940","넥스트아이",110,"화장품"
"2026-09-28","T110","화장품","142760","모아라이프플러스",110,"화장품"
"2026-09-28","T110","화장품","159580","제로투세븐",110,"화장품"
"2026-09-28","T110","화장품","159910","에코글로우",110,"화장품"
"2026-09-28","T110","화장품","161890","한국콜마",110,"화장품"
"2026-09-28","T110","화장품","168330","내츄럴엔도텍",110,"화장품"
"2026-09-28","T110","화장품","175250","아이큐어",110,"화장품"
"2026-09-28","T110","화장품","192440","슈피겐코리아",110,"화장품"
"2026-09-28","T110","화장품","192820","코스맥스",110,"화장품"
"2026-09-28","T110","화장품","196300","HLB펩",110,"화장품"
"2026-09-28","T110","화장품","200130","콜마비앤에이치",110,"화장품"
"2026-09-28","T110","화장품","214150","클래시스",110,"화장품"
"2026-09-28","T110","화장품","214260","라파스",110,"화장품"
"2026-09-28","T110","화장품","214370","케어젠",110,"화장품"
"2026-09-28","T110","화장품","214420","토니모리",110,"화장품"
"2026-09-28","T110","화장품","214450","파마리서치",110,"화장품"
"2026-09-28","T110","화장품","217730","강스템바이오텍",110,"화장품"
"2026-09-28","T110","화장품","219550","디와이디",110,"화장품"
"2026-09-28","T110","화장품","226320","잇츠한불",110,"화장품"
"2026-09-28","T110","화장품","226340","본느",110,"화장품"
"2026-09-28","T110","화장품","227610","아우딘퓨쳐스",110,"화장품"
"2026-09-28","T110","화장품","237880","클리오",110,"화장품"
"2026-09-28","T110","화장품","241710","코스메카코리아",110,"화장품"
"2026-09-28","T110","화장품","251970","펌텍코리아",110,"화장품"
"2026-09-28","T110","화장품","252500","세화피앤씨",110,"화장품"
"2026-09-28","T110","화장품","257720","실리콘투",110,"화장품"
"2026-09-28","T110","화장품","260930","씨티케이",110,"화장품"
"2026-09-28","T110","화장품","263920","휴엠앤씨",110,"화장품"
"2026-09-28","T110","화장품","265740","엔에프씨",110,"화장품"
"2026-09-28","T110","화장품","278470","에이피알",110,"화장품"
"2026-09-28","T110","화장품","290650","엘앤씨바이오",110,"화장품"
"2026-09-28","T110","화장품","298060","풍전약품",110,"화장품"
"2026-09-28","T110","화장품","314130","지놈앤컴퍼니",110,"화장품"
"2026-09-28","T110","화장품","318160","셀바이오휴먼텍",110,"화장품"
"2026-09-28","T110","화장품","347740","피엔케이피부임상연구센타",110,"화장품"
"2026-09-28","T110","화장품","351320","넥사다이내믹스",110,"화장품"
"2026-09-28","T110","화장품","352480","씨앤씨인터내셔널",110,"화장품"
"2026-09-28","T110","화장품","362320","청담글로벌",110,"화장품"
"2026-09-28","T110","화장품","377220","프롬바이오",110,"화장품"
"2026-09-28","T110","화장품","388610","지에프씨생명과학",110,"화장품"
"2026-09-28","T110","화장품","406820","뷰티스킨",110,"화장품"
"2026-09-28","T110","화장품","420570","제이투케이바이오",110,"화장품"
"2026-09-28","T110","화장품","439090","마녀공장",110,"화장품"
"2026-09-28","T110","화장품","451250","삐아",110,"화장품"
"2026-09-28","T110","화장품","453860","에이에스텍",110,"화장품"
"2026-09-28","T110","화장품","460870","에스엠씨지",110,"화장품"
"2026-09-28","T110","화장품","462310","뉴키즈온",110,"화장품"
"2026-09-28","T110","화장품","471820","셀로맥스사이언스",110,"화장품"
"2026-09-28","T110","화장품","483650","달바글로벌",110,"화장품"
"2026-09-28","T110","화장품","489460","바이오비쥬",110,"화장품"
"2026-09-28","T110","화장품","900270","헝셩그룹",110,"화장품"
"2026-09-28","T110","화장품","900300","오가닉티코스메틱",110,"화장품"
"2026-09-28","T110","화장품","900310","컬러레이",110,"화장품"
"2026-09-28","T110","화장품","950140","잉글우드랩",110,"화장품"
"2026-09-28","T128","엔터테인먼트","012170","아센디오",128,"엔터테인먼트"
"2026-09-28","T128","엔터테인먼트","032540","TJ미디어",128,"엔터테인먼트"
"2026-09-28","T128","엔터테인먼트","032800","판타지오",128,"엔터테인먼트"
"2026-09-28","T128","엔터테인먼트","035720","카카오",128,"엔터테인먼트"
"2026-09-28","T128","엔터테인먼트","035760","CJ ENM",128,"엔터테인먼트"
"2026-09-28","T128","엔터테인먼트","035900","JYP Ent.",128,"엔터테인먼트"
"2026-09-28","T128","엔터테인먼트","036420","콘텐트리중앙",128,"엔터테인먼트"
"2026-09-28","T128","엔터테인먼트","041510","에스엠",128,"엔터테인먼트"
"2026-09-28","T128","엔터테인먼트","043610","KT지니뮤직",128,"엔터테인먼트"
"2026-09-28","T128","엔터테인먼트","044480","빌리언스",128,"엔터테인먼트"
"2026-09-28","T128","엔터테인먼트","046390","삼화네트웍스",128,"엔터테인먼트"
"2026-09-28","T128","엔터테인먼트","047820","초록뱀미디어",128,"엔터테인먼트"
"2026-09-28","T128","엔터테인먼트","048550","SM C&C",128,"엔터테인먼트"
"2026-09-28","T128","엔터테인먼트","051780","큐로홀딩스",128,"엔터테인먼트"
"2026-09-28","T128","엔터테인먼트","054780","키이스트",128,"엔터테인먼트"
"2026-09-28","T128","엔터테인먼트","068050","팬엔터테인먼트",128,"엔터테인먼트"
"2026-09-28","T128","엔터테인먼트","078860","아이오케이이엔엠",128,"엔터테인먼트"
"2026-09-28","T128","엔터테인먼트","122870","와이지엔터테인먼트",128,"엔터테인먼트"
"2026-09-28","T128","엔터테인먼트","131100","티엔엔터테인먼트",128,"엔터테인먼트"
"2026-09-28","T128","엔터테인먼트","160550","NEW",128,"엔터테인먼트"
"2026-09-28","T128","엔터테인먼트","173940","에프엔씨엔터",128,"엔터테인먼트"
"2026-09-28","T128","엔터테인먼트","182360","큐브엔터",128,"엔터테인먼트"
"2026-09-28","T128","엔터테인먼트","200350","아티스트스튜디오",128,"엔터테인먼트"
"2026-09-28","T128","엔터테인먼트","253450","스튜디오드래곤",128,"엔터테인먼트"
"2026-09-28","T128","엔터테인먼트","352820","하이브",128,"엔터테인먼트"
"2026-09-28","T128","엔터테인먼트","361570","알비더블유",128,"엔터테인먼트"
"2026-09-28","T128","엔터테인먼트","369370","블리츠웨이엔터테인먼트",128,"엔터테인먼트"
"2026-09-28","T128","엔터테인먼트","376300","디어유",128,"엔터테인먼트"
"2026-09-28","T128","엔터테인먼트","458350","에스팀",128,"엔터테인먼트"
"2026-09-28","T128","엔터테인먼트","473980","노머스",128,"엔터테인먼트"
"2026-09-28","T128","엔터테인먼트","950190","고스트스튜디오",128,"엔터테인먼트"
"2026-09-28","T540","비만치료제","000100","유한양행",540,"비만치료제"
"2026-09-28","T540","비만치료제","000250","삼천당제약",540,"비만치료제"
"2026-09-28","T540","비만치료제","002390","한독",540,"비만치료제"
"2026-09-28","T540","비만치료제","002800","신신제약",540,"비만치료제"
"2026-09-28","T540","비만치료제","003220","대원제약",540,"비만치료제"
"2026-09-28","T540","비만치료제","009290","광동제약",540,"비만치료제"
"2026-09-28","T540","비만치료제","047920","HLB제약",540,"비만치료제"
"2026-09-28","T540","비만치료제","048870","시너지이노베이션",540,"비만치료제"
"2026-09-28","T540","비만치료제","051910","LG화학",540,"비만치료제"
"2026-09-28","T540","비만치료제","067080","대화제약",540,"비만치료제"
"2026-09-28","T540","비만치료제","068760","셀트리온제약",540,"비만치료제"
"2026-09-28","T540","비만치료제","069620","대웅제약",540,"비만치료제"
"2026-09-28","T540","비만치료제","078140","대봉엘에스",540,"비만치료제"
"2026-09-28","T540","비만치료제","087010","펩트론",540,"비만치료제"
"2026-09-28","T540","비만치료제","089140","넥스턴앤롤코리아",540,"비만치료제"
"2026-09-28","T540","비만치료제","095700","제넥신",540,"비만치료제"
"2026-09-28","T540","비만치료제","128940","한미약품",540,"비만치료제"
"2026-09-28","T540","비만치료제","138610","나이벡",540,"비만치료제"
"2026-09-28","T540","비만치료제","170900","동아에스티",540,"비만치료제"
"2026-09-28","T540","비만치료제","175250","아이큐어",540,"비만치료제"
"2026-09-28","T540","비만치료제","180400","DXVX",540,"비만치료제"
"2026-09-28","T540","비만치료제","185750","종근당",540,"비만치료제"
"2026-09-28","T540","비만치료제","195940","HK이노엔",540,"비만치료제"
"2026-09-28","T540","비만치료제","196300","HLB펩",540,"비만치료제"
"2026-09-28","T540","비만치료제","214260","라파스",540,"비만치료제"
"2026-09-28","T540","비만치료제","214370","케어젠",540,"비만치료제"
"2026-09-28","T540","비만치료제","226950","올릭스",540,"비만치료제"
"2026-09-28","T540","비만치료제","249420","일동제약",540,"비만치료제"
"2026-09-28","T540","비만치료제","256840","한국비엔씨",540,"비만치료제"
"2026-09-28","T540","비만치료제","291650","츌립앤사이언스",540,"비만치료제"
"2026-09-28","T540","비만치료제","347850","디앤디파마텍",540,"비만치료제"
"2026-09-28","T540","비만치료제","348080","큐라티스",540,"비만치료제"
"2026-09-28","T540","비만치료제","348150","고바이오랩",540,"비만치료제"
"2026-09-28","T540","비만치료제","378800","샤페론",540,"비만치료제"
"2026-09-28","T540","비만치료제","389470","인벤티지랩",540,"비만치료제"
"2026-09-28","T540","비만치료제","439580","블루엠텍",540,"비만치료제"
"2026-09-28","T540","비만치료제","456160","지투지바이오",540,"비만치료제"
"2026-09-28","T241","바이오시밀러","000250","삼천당제약",241,"바이오시밀러(복제 바이오의약품)"
"2026-09-28","T241","바이오시밀러","003060","에이프로젠바이오로직스",241,"바이오시밀러(복제 바이오의약품)"
"2026-09-28","T241","바이오시밀러","003850","보령",241,"바이오시밀러(복제 바이오의약품)"
"2026-09-28","T241","바이오시밀러","006280","녹십자",241,"바이오시밀러(복제 바이오의약품)"
"2026-09-28","T241","바이오시밀러","007460","에이프로젠",241,"바이오시밀러(복제 바이오의약품)"
"2026-09-28","T241","바이오시밀러","009420","한올바이오파마",241,"바이오시밀러(복제 바이오의약품)"
"2026-09-28","T241","바이오시밀러","0126Z0","삼성에피스홀딩스",241,"바이오시밀러(복제 바이오의약품)"
"2026-09-28","T241","바이오시밀러","051910","LG화학",241,"바이오시밀러(복제 바이오의약품)"
"2026-09-28","T241","바이오시밀러","053030","바이넥스",241,"바이오시밀러(복제 바이오의약품)"
"2026-09-28","T241","바이오시밀러","067370","선바이오",241,"바이오시밀러(복제 바이오의약품)"
"2026-09-28","T241","바이오시밀러","068270","셀트리온",241,"바이오시밀러(복제 바이오의약품)"
"2026-09-28","T241","바이오시밀러","068760","셀트리온제약",241,"바이오시밀러(복제 바이오의약품)"
"2026-09-28","T241","바이오시밀러","069620","대웅제약",241,"바이오시밀러(복제 바이오의약품)"
"2026-09-28","T241","바이오시밀러","086890","이수앱지스",241,"바이오시밀러(복제 바이오의약품)"
"2026-09-28","T241","바이오시밀러","128940","한미약품",241,"바이오시밀러(복제 바이오의약품)"
"2026-09-28","T241","바이오시밀러","170900","동아에스티",241,"바이오시밀러(복제 바이오의약품)"
"2026-09-28","T241","바이오시밀러","185750","종근당",241,"바이오시밀러(복제 바이오의약품)"
"2026-09-28","T241","바이오시밀러","196170","알테오젠",241,"바이오시밀러(복제 바이오의약품)"
"2026-09-28","T241","바이오시밀러","222110","팬젠",241,"바이오시밀러(복제 바이오의약품)"
"2026-09-28","T241","바이오시밀러","334970","프레스티지바이오로직스",241,"바이오시밀러(복제 바이오의약품)"
"2026-09-28","T241","바이오시밀러","950210","프레스티지바이오파마",241,"바이오시밀러(복제 바이오의약품)"
"2026-09-28","T568","밸류업 지수","000270","기아",568,"코리아 밸류업 지수(Korea Value-up Index)"
"2026-09-28","T568","밸류업 지수","000660","SK하이닉스",568,"코리아 밸류업 지수(Korea Value-up Index)"
"2026-09-28","T568","밸류업 지수","000810","삼성화재",568,"코리아 밸류업 지수(Korea Value-up Index)"
"2026-09-28","T568","밸류업 지수","000990","DB하이텍",568,"코리아 밸류업 지수(Korea Value-up Index)"
"2026-09-28","T568","밸류업 지수","001060","JW중외제약",568,"코리아 밸류업 지수(Korea Value-up Index)"
"2026-09-28","T568","밸류업 지수","002840","미원상사",568,"코리아 밸류업 지수(Korea Value-up Index)"
"2026-09-28","T568","밸류업 지수","003230","삼양식품",568,"코리아 밸류업 지수(Korea Value-up Index)"
"2026-09-28","T568","밸류업 지수","003490","대한항공",568,"코리아 밸류업 지수(Korea Value-up Index)"
"2026-09-28","T568","밸류업 지수","005180","빙그레",568,"코리아 밸류업 지수(Korea Value-up Index)"
"2026-09-28","T568","밸류업 지수","005290","동진쎄미켐",568,"코리아 밸류업 지수(Korea Value-up Index)"
"2026-09-28","T568","밸류업 지수","005300","롯데칠성",568,"코리아 밸류업 지수(Korea Value-up Index)"
"2026-09-28","T568","밸류업 지수","005380","현대차",568,"코리아 밸류업 지수(Korea Value-up Index)"
"2026-09-28","T568","밸류업 지수","005830","DB손해보험",568,"코리아 밸류업 지수(Korea Value-up Index)"
"2026-09-28","T568","밸류업 지수","005930","삼성전자",568,"코리아 밸류업 지수(Korea Value-up Index)"
"2026-09-28","T568","밸류업 지수","006800","미래에셋증권",568,"코리아 밸류업 지수(Korea Value-up Index)"
"2026-09-28","T568","밸류업 지수","008930","한미사이언스",568,"코리아 밸류업 지수(Korea Value-up Index)"
"2026-09-28","T568","밸류업 지수","009240","한샘",568,"코리아 밸류업 지수(Korea Value-up Index)"
"2026-09-28","T568","밸류업 지수","009450","경동나비엔",568,"코리아 밸류업 지수(Korea Value-up Index)"
"2026-09-28","T568","밸류업 지수","009900","명신산업",568,"코리아 밸류업 지수(Korea Value-up Index)"
"2026-09-28","T568","밸류업 지수","010120","LS ELECTRIC",568,"코리아 밸류업 지수(Korea Value-up Index)"
"2026-09-28","T568","밸류업 지수","011070","LG이노텍",568,"코리아 밸류업 지수(Korea Value-up Index)"
"2026-09-28","T568","밸류업 지수","011200","HMM",568,"코리아 밸류업 지수(Korea Value-up Index)"
"2026-09-28","T568","밸류업 지수","011780","금호석유화학",568,"코리아 밸류업 지수(Korea Value-up Index)"
"2026-09-28","T568","밸류업 지수","012330","현대모비스",568,"코리아 밸류업 지수(Korea Value-up Index)"
"2026-09-28","T568","밸류업 지수","012450","한화에어로스페이스",568,"코리아 밸류업 지수(Korea Value-up Index)"
"2026-09-28","T568","밸류업 지수","012750","에스원",568,"코리아 밸류업 지수(Korea Value-up Index)"
"2026-09-28","T568","밸류업 지수","014680","한솔케미칼",568,"코리아 밸류업 지수(Korea Value-up Index)"
"2026-09-28","T568","밸류업 지수","014820","동원시스템즈",568,"코리아 밸류업 지수(Korea Value-up Index)"
"2026-09-28","T568","밸류업 지수","016360","삼성증권",568,"코리아 밸류업 지수(Korea Value-up Index)"
"2026-09-28","T568","밸류업 지수","017670","SK텔레콤",568,"코리아 밸류업 지수(Korea Value-up Index)"
"2026-09-28","T568","밸류업 지수","017800","현대엘리베이터",568,"코리아 밸류업 지수(Korea Value-up Index)"
"2026-09-28","T568","밸류업 지수","018670","SK가스",568,"코리아 밸류업 지수(Korea Value-up Index)"
"2026-09-28","T568","밸류업 지수","021240","코웨이",568,"코리아 밸류업 지수(Korea Value-up Index)"
"2026-09-28","T568","밸류업 지수","022100","포스코DX",568,"코리아 밸류업 지수(Korea Value-up Index)"
"2026-09-28","T568","밸류업 지수","026960","동서",568,"코리아 밸류업 지수(Korea Value-up Index)"
"2026-09-28","T568","밸류업 지수","030000","제일기획",568,"코리아 밸류업 지수(Korea Value-up Index)"
"2026-09-28","T568","밸류업 지수","030190","NICE평가정보",568,"코리아 밸류업 지수(Korea Value-up Index)"
"2026-09-28","T568","밸류업 지수","030200","KT",568,"코리아 밸류업 지수(Korea Value-up Index)"
"2026-09-28","T568","밸류업 지수","031980","피에스케이홀딩스",568,"코리아 밸류업 지수(Korea Value-up Index)"
"2026-09-28","T568","밸류업 지수","033100","제룡전기",568,"코리아 밸류업 지수(Korea Value-up Index)"
"2026-09-28","T568","밸류업 지수","033780","KT&G",568,"코리아 밸류업 지수(Korea Value-up Index)"
"2026-09-28","T568","밸류업 지수","035250","강원랜드",568,"코리아 밸류업 지수(Korea Value-up Index)"
"2026-09-28","T568","밸류업 지수","035900","JYP Ent.",568,"코리아 밸류업 지수(Korea Value-up Index)"
"2026-09-28","T568","밸류업 지수","036930","주성엔지니어링",568,"코리아 밸류업 지수(Korea Value-up Index)"
"2026-09-28","T568","밸류업 지수","039130","하나투어",568,"코리아 밸류업 지수(Korea Value-up Index)"
"2026-09-28","T568","밸류업 지수","039490","키움증권",568,"코리아 밸류업 지수(Korea Value-up Index)"
"2026-09-28","T568","밸류업 지수","042700","한미반도체",568,"코리아 밸류업 지수(Korea Value-up Index)"
"2026-09-28","T568","밸류업 지수","047050","포스코인터내셔널",568,"코리아 밸류업 지수(Korea Value-up Index)"
"2026-09-28","T568","밸류업 지수","047810","한국항공우주",568,"코리아 밸류업 지수(Korea Value-up Index)"
"2026-09-28","T568","밸류업 지수","051600","한전KPS",568,"코리아 밸류업 지수(Korea Value-up Index)"
"2026-09-28","T568","밸류업 지수","052690","한전기술",568,"코리아 밸류업 지수(Korea Value-up Index)"
"2026-09-28","T568","밸류업 지수","055550","신한지주",568,"코리아 밸류업 지수(Korea Value-up Index)"
"2026-09-28","T568","밸류업 지수","058470","리노공업",568,"코리아 밸류업 지수(Korea Value-up Index)"
"2026-09-28","T568","밸류업 지수","064350","현대로템",568,"코리아 밸류업 지수(Korea Value-up Index)"
"2026-09-28","T568","밸류업 지수","064760","티씨케이",568,"코리아 밸류업 지수(Korea Value-up Index)"
"2026-09-28","T568","밸류업 지수","067160","SOOP",568,"코리아 밸류업 지수(Korea Value-up Index)"
"2026-09-28","T568","밸류업 지수","071050","한국금융지주",568,"코리아 밸류업 지수(Korea Value-up Index)"
"2026-09-28","T568","밸류업 지수","079550","LIG디펜스앤에어로스페이스",568,"코리아 밸류업 지수(Korea Value-up Index)"
"2026-09-28","T568","밸류업 지수","086280","현대글로비스",568,"코리아 밸류업 지수(Korea Value-up Index)"
"2026-09-28","T568","밸류업 지수","086790","하나금융지주",568,"코리아 밸류업 지수(Korea Value-up Index)"
"2026-09-28","T568","밸류업 지수","089860","롯데렌탈",568,"코리아 밸류업 지수(Korea Value-up Index)"
"2026-09-28","T568","밸류업 지수","090430","아모레퍼시픽",568,"코리아 밸류업 지수(Korea Value-up Index)"
"2026-09-28","T568","밸류업 지수","103140","풍산",568,"코리아 밸류업 지수(Korea Value-up Index)"
"2026-09-28","T568","밸류업 지수","105560","KB금융",568,"코리아 밸류업 지수(Korea Value-up Index)"
"2026-09-28","T568","밸류업 지수","128940","한미약품",568,"코리아 밸류업 지수(Korea Value-up Index)"
"2026-09-28","T568","밸류업 지수","138040","메리츠금융지주",568,"코리아 밸류업 지수(Korea Value-up Index)"
"2026-09-28","T568","밸류업 지수","140860","파크시스템스",568,"코리아 밸류업 지수(Korea Value-up Index)"
"2026-09-28","T568","밸류업 지수","145720","덴티움",568,"코리아 밸류업 지수(Korea Value-up Index)"
"2026-09-28","T568","밸류업 지수","175330","JB금융지주",568,"코리아 밸류업 지수(Korea Value-up Index)"
"2026-09-28","T568","밸류업 지수","180640","한진칼",568,"코리아 밸류업 지수(Korea Value-up Index)"
"2026-09-28","T568","밸류업 지수","183300","코미코",568,"코리아 밸류업 지수(Korea Value-up Index)"
"2026-09-28","T568","밸류업 지수","185750","종근당",568,"코리아 밸류업 지수(Korea Value-up Index)"
"2026-09-28","T568","밸류업 지수","192080","더블유게임즈",568,"코리아 밸류업 지수(Korea Value-up Index)"
"2026-09-28","T568","밸류업 지수","192650","드림텍",568,"코리아 밸류업 지수(Korea Value-up Index)"
"2026-09-28","T568","밸류업 지수","192820","코스맥스",568,"코리아 밸류업 지수(Korea Value-up Index)"
"2026-09-28","T568","밸류업 지수","214150","클래시스",568,"코리아 밸류업 지수(Korea Value-up Index)"
"2026-09-28","T568","밸류업 지수","214450","파마리서치",568,"코리아 밸류업 지수(Korea Value-up Index)"
"2026-09-28","T568","밸류업 지수","215200","메가스터디교육",568,"코리아 밸류업 지수(Korea Value-up Index)"
"2026-09-28","T568","밸류업 지수","241560","두산밥캣",568,"코리아 밸류업 지수(Korea Value-up Index)"
"2026-09-28","T568","밸류업 지수","259960","크래프톤",568,"코리아 밸류업 지수(Korea Value-up Index)"
"2026-09-28","T568","밸류업 지수","267250","HD현대",568,"코리아 밸류업 지수(Korea Value-up Index)"
"2026-09-28","T568","밸류업 지수","267260","HD현대일렉트릭",568,"코리아 밸류업 지수(Korea Value-up Index)"
"2026-09-28","T568","밸류업 지수","271560","오리온",568,"코리아 밸류업 지수(Korea Value-up Index)"
"2026-09-28","T568","밸류업 지수","272210","한화시스템",568,"코리아 밸류업 지수(Korea Value-up Index)"
"2026-09-28","T568","밸류업 지수","272290","이녹스첨단소재",568,"코리아 밸류업 지수(Korea Value-up Index)"
"2026-09-28","T568","밸류업 지수","282330","BGF리테일",568,"코리아 밸류업 지수(Korea Value-up Index)"
"2026-09-28","T568","밸류업 지수","290650","엘앤씨바이오",568,"코리아 밸류업 지수(Korea Value-up Index)"
"2026-09-28","T568","밸류업 지수","298020","효성티앤씨",568,"코리아 밸류업 지수(Korea Value-up Index)"
"2026-09-28","T568","밸류업 지수","298040","효성중공업",568,"코리아 밸류업 지수(Korea Value-up Index)"
"2026-09-28","T568","밸류업 지수","316140","우리금융지주",568,"코리아 밸류업 지수(Korea Value-up Index)"
"2026-09-28","T568","밸류업 지수","319660","피에스케이",568,"코리아 밸류업 지수(Korea Value-up Index)"
"2026-09-28","T568","밸류업 지수","336370","솔루스첨단소재",568,"코리아 밸류업 지수(Korea Value-up Index)"
"2026-09-28","T568","밸류업 지수","336570","원텍",568,"코리아 밸류업 지수(Korea Value-up Index)"
"2026-09-28","T568","밸류업 지수","348210","넥스틴",568,"코리아 밸류업 지수(Korea Value-up Index)"
"2026-09-28","T568","밸류업 지수","357780","솔브레인",568,"코리아 밸류업 지수(Korea Value-up Index)"
"2026-09-28","T568","밸류업 지수","381970","KG모빌리티플랫폼",568,"코리아 밸류업 지수(Korea Value-up Index)"
"2026-09-28","T568","밸류업 지수","383220","F&F",568,"코리아 밸류업 지수(Korea Value-up Index)"
"2026-09-28","T568","밸류업 지수","383310","에코프로에이치엔",568,"코리아 밸류업 지수(Korea Value-up Index)"
"2026-09-28","T568","밸류업 지수","403870","HPSP",568,"코리아 밸류업 지수(Korea Value-up Index)"
"2026-09-28","T582","스테이블코인","035420","NAVER",582,"스테이블코인"
"2026-09-28","T582","스테이블코인","035600","KG이니시스",582,"스테이블코인"
"2026-09-28","T582","스테이블코인","042510","라온시큐어",582,"스테이블코인"
"2026-09-28","T582","스테이블코인","046440","KG파이낸셜",582,"스테이블코인"
"2026-09-28","T582","스테이블코인","053300","한국정보인증",582,"스테이블코인"
"2026-09-28","T582","스테이블코인","054920","한컴위드",582,"스테이블코인"
"2026-09-28","T582","스테이블코인","060250","NHN KCP",582,"스테이블코인"
"2026-09-28","T582","스테이블코인","064260","다날",582,"스테이블코인"
"2026-09-28","T582","스테이블코인","064400","LG씨엔에스",582,"스테이블코인"
"2026-09-28","T582","스테이블코인","112040","위메이드",582,"스테이블코인"
"2026-09-28","T582","스테이블코인","124500","아이티센글로벌",582,"스테이블코인"
"2026-09-28","T582","스테이블코인","158430","아톤",582,"스테이블코인"
"2026-09-28","T582","스테이블코인","163730","핑거",582,"스테이블코인"
"2026-09-28","T582","스테이블코인","199480","뱅크웨어글로벌",582,"스테이블코인"
"2026-09-28","T582","스테이블코인","201490","미투온",582,"스테이블코인"
"2026-09-28","T582","스테이블코인","203650","드림시큐리티",582,"스테이블코인"
"2026-09-28","T582","스테이블코인","205500","넥써쓰",582,"스테이블코인"
"2026-09-28","T582","스테이블코인","214180","헥토이노베이션",582,"스테이블코인"
"2026-09-28","T582","스테이블코인","223310","사토시홀딩스",582,"스테이블코인"
"2026-09-28","T582","스테이블코인","232830","아이티센피엔에스",582,"스테이블코인"
"2026-09-28","T582","스테이블코인","234340","헥토파이낸셜",582,"스테이블코인"
"2026-09-28","T582","스테이블코인","294570","쿠콘",582,"스테이블코인"
"2026-09-28","T582","스테이블코인","308100","형지글로벌",582,"스테이블코인"
"2026-09-28","T582","스테이블코인","377300","카카오페이",582,"스테이블코인"
"2026-09-28","T582","스테이블코인","462860","더즌",582,"스테이블코인"
