wics_sub_code,wics_sub_name,sector_code,sub_sector_code,sub_sector_name,source
"G101010","에너지장비및서비스","WI100","WI10010","에너지","PDF"
"G101020","석유와가스","WI100","WI10010","에너지","PDF"
"G151010","화학","WI110","WI11010","화학","PDF"
"G151030","포장재","WI200","WI20010","포장재,종이와목재","PDF"
"G151040","비철금속","WI200","WI20020","비철금속","PDF"
"G151050","철강","WI210","WI21010","철강","PDF"
"G151060","종이와목재","WI200","WI20010","포장재,종이와목재","PDF"
"G201010","우주항공과국방","WI250","WI25030","기타자본재","PDF"
"G201020","건축제품","WI220","WI22010","건설,건축제품,건축자재","PDF"
"G201025","건축자재","WI220","WI22010","건설,건축제품,건축자재","PDF"
"G201030","건설","WI220","WI22010","건설,건축제품,건축자재","PDF"
"G201035","가구","WI220","WI22020","가구","PDF"
"G201040","전기장비","WI230","WI23020","전기장비","PDF"
"G201050","복합기업","WI250","WI25010","복합기업","PDF"
"G201060","기계","WI230","WI23010","기계","PDF"
"G201065","조선","WI240","WI24010","조선","PDF"
"G201070","무역회사와판매업체","WI250","WI25020","상사","PDF"
"G202010","상업서비스와공급품","WI250","WI25030","기타자본재","PDF"
"G203010","항공화물운송과물류","WI260","WI26010","운송","PDF"
"G203020","항공사","WI260","WI26010","운송","PDF"
"G203030","해운사","WI260","WI26010","운송","PDF"
"G203040","도로와철도운송","WI260","WI26010","운송","PDF"
"G203050","운송인프라","WI260","WI26010","운송","PDF"
"G251010","자동차부품","WI300","WI30020","자동차부품","PDF"
"G251020","자동차","WI300","WI30010","자동차","PDF"
"G252040","가정용기기와용품","WI310","WI31030","문구,가정용품","PDF"
"G252050","레저용장비와제품","WI310","WI31040","레저용품","PDF"
"G252060","섬유,의류,신발,호화품","WI310","WI31020","의류","PDF"
"G252065","화장품","WI310","WI31010","화장품","PDF"
"G252070","문구류","WI310","WI31030","문구,가정용품","PDF"
"G253010","호텔,레스토랑,레저","WI320","WI32010","호텔,레저","PDF"
"G253020","다각화된소비자서비스","WI320","WI32010","호텔,레저","PDF"
"G254010","광고","WI330","WI33010","미디어","PDF"
"G254020","방송과엔터테인먼트","WI330","WI33010","미디어","PDF"
"G254030","출판","WI330","WI33010","미디어","PDF"
"G255010","판매업체","WI340","WI34020","기타유통","PDF"
"G255020","인터넷과카탈로그소매","WI340","WI34020","기타유통","PDF"
"G255030","백화점과일반상점","WI340","WI34010","백화점","PDF"
"G255040","전문소매","WI340","WI34020","기타유통","PDF"
"G256010","교육서비스","WI330","WI33020","교육","PDF"
"G301010","식품과기본식료품소매","WI400","WI40010","식품,음료","PDF"
"G302010","음료","WI400","WI40010","식품,음료","PDF"
"G302020","식품","WI400","WI40010","식품,음료","PDF"
"G302030","담배","WI400","WI40020","담배","PDF"
"G303010","가정용품","WI400","WI40030","가정용품","PDF"
"G351010","건강관리장비와용품","WI410","WI41030","건강관리장비,서비스","PDF"
"G351020","건강관리업체및서비스","WI410","WI41030","건강관리장비,서비스","PDF"
"G351030","건강관리기술","WI410","WI41030","건강관리장비,서비스","PDF"
"G352010","생물공학","WI410","WI41020","생명과학","PDF"
"G352020","제약","WI410","WI41010","제약","PDF"
"G352030","생명과학도구및서비스","WI410","WI41020","생명과학","PDF"
"G401010","은행","WI500","WI50010","은행","PDF"
"G402010","증권","WI510","WI51010","증권","PDF"
"G403020","창업투자","WI500","WI50020","기타금융","PDF"
"G403030","카드","WI500","WI50020","기타금융","PDF"
"G403040","기타금융","WI500","WI50020","기타금융","PDF"
"G404010","손해보험","WI520","WI52010","보험","PDF"
"G404020","생명보험","WI520","WI52010","보험","PDF"
"G405020","부동산","WI500","WI50020","기타금융","PDF"
"G405510","신용평가서비스","WI500","WI50020","기타금융","PDF"
"G405520","결제관련서비스","WI500","WI50020","기타금융","PDF"
"G451010","인터넷소프트웨어와서비스","WI600","WI60010","소프트웨어","PDF"
"G451020","IT서비스","WI600","WI60010","소프트웨어","PDF"
"G451030","소프트웨어","WI600","WI60010","소프트웨어","PDF"
"G451035","게임소프트웨어와서비스","WI600","WI60020","게임소프트웨어","PDF"
"G452010","통신장비","WI610","WI61010","통신장비","PDF"
"G452015","핸드셋","WI610","WI61020","핸드셋","PDF"
"G452020","컴퓨터와주변기기","WI610","WI61030","컴퓨터","PDF"
"G452030","전자장비와기기","WI610","WI61040","전자장비,사무용전자제품","PDF"
"G452040","사무용전자제품","WI610","WI61040","전자장비,사무용전자제품","PDF"
"G453010","반도체와반도체장비","WI620","WI62010","반도체","PDF"
"G453510","전자제품","WI630","WI63010","전자제품","PDF"
"G453520","전기제품","WI630","WI63020","전기제품","PDF"
"G454010","디스플레이 패널","WI640","WI64010","디스플레이패널","PDF"
"G454020","디스플레이 장비 및 부품","WI640","WI64020","디스플레이장비","PDF"
"G501010","다각화된통신서비스","WI700","WI70010","통신서비스","PDF"
"G501020","무선통신서비스","WI700","WI70010","통신서비스","PDF"
"G551010","전기유틸리티","WI800","WI80010","유틸리티","PDF"
"G551020","가스유틸리티","WI800","WI80010","유틸리티","PDF"
"G551030","복합유틸리티","WI800","WI80010","유틸리티","PDF"
"G551050","독립전력생산및에너지거래","WI800","WI80010","유틸리티","PDF"
"G502010","광고","WI330","WI33010","미디어","BRIDGE:G254010"
"G502020","방송과엔터테인먼트","WI330","WI33010","미디어","BRIDGE:G254020"
"G502030","출판","WI330","WI33010","미디어","BRIDGE:G254030"
"G502040","게임엔터테인먼트","WI600","WI60020","게임소프트웨어","BRIDGE:G451035"
"G502050","양방향미디어와서비스","WI600","WI60010","소프트웨어","BRIDGE:G451010"
